"2020년 09월 08일 13시","○","서울","강남구","강남구보건소","서울 강남구 삼성동(삼성2동) 8 강남구보건소","09:00 ~ 20:00","09:00 ~ 19:00","09:00 ~ 19:00","02-3423-5555",37.5163,127.042
"2020년 09월 08일 13시","○","서울","강남구","삼성서울병원","서울특별시 강남구 일원동 일원로 81 삼성서울병원","00:00 ~ 24:00","00:00 ~ 24:00","00:00 ~ 24:00","02-3410-0543",37.4882,127.086
"2020년 09월 08일 13시","○","서울","강남구","강남세브란스병원","서울 강남구 언주로211 강남세브란스병원","09:00 ~ 17:00","09:00 ~ 12:30","미운영","02-1599-6114",37.4927,127.046
"2020년 09월 08일 13시","○","서울","강동구","강동구보건소","서울 강동구 성내동 541-2","09:00 ~ 18:00","09:00 ~ 16:00","09:00 ~ 16:00","02-3425-6713",37.5294,127.126
"2020년 09월 08일 13시","○","서울","강동구","중앙보훈병원","서울 강동구 진황도로 61길 53","09:00 ~ 17:30","미운영","미운영","02-2225-1114",37.5288,127.148
"2020년 09월 08일 13시","○","서울","강동구","강동경희대병원","서울시 강동구 동남로 892","09:00 ~ 17:00","09:00 ~ 12:00","미운영","02-440-7000",37.5528,127.157
"2020년 09월 08일 13시","○","서울","강동구","강동성심병원","서울시 강동구 성안로 150","08:30 ~ 16:30","08:30 ~ 11:30","미운영","1588-4100",37.5361,127.135
"2020년 09월 08일 13시","○","서울","강북구","강북구보건소","서울 강북구 번제2동 232 강북보건소 ","09:00 ~ 18:00","09:00 ~ 18:00","09:00 ~ 18:00","02-901-7704(7706)",37.6321,127.039
"2020년 09월 08일 13시","○","서울","강서구","강서구보건소","서울 강서구 염창동 275-12 강서보건소","09:00 ~ 18:00","09:00 ~ 18:00","09:00 ~ 18:00","02-2600-5465",37.5496,126.868
"2020년 09월 08일 13시","○","서울","강서구","이화여자대학교 서울병원","서울 강서구 공항대로 260","09:30 ~ 12:00","미운영","미운영","1522-7000",37.5533,126.851
"2020년 09월 08일 13시","○","서울","관악구","관악구보건소","서울 관악구 청룡동 1570-1","09:00 ~ 18:00","09:00 ~ 18:00","09:00 ~ 13:00","02-879-7131",37.4783,126.951
"2020년 09월 08일 13시","○","서울","관악구","에이치플러스양지병원","서울특별시 관악구 남부순환로 1636","08:30 ~ 17:00","08:30 ~ 12:30","미운영","1877-8875",37.4842,126.933
"2020년 09월 08일 13시","○","서울","광진구","광진구보건소","서울특별시 광진구 자양로 117 (자양동)","09:00 ~ 19:00","09:00 ~ 18:00","09:00 ~ 18:00","02-450-1937",37.5384,127.082
"2020년 09월 08일 13시","X","서울","광진구","자양보건지소","서울특별시 광진구 아차산로24길 17","09:00 ~ 18:00","미운영","미운영","02-450-7090",37.5402,127.065
"2020년 09월 08일 13시","○","서울","광진구","건국대학교병원","서울특별시 광진구 능동로 120-1","09:00 ~ 18:00","09:00 ~ 12:30","미운영","02-1588-1533",37.5408,127.072
"2020년 09월 08일 13시","○","서울","구로구","구로구보건소","서울 구로구 구로동(구로제5동) 109-4 구로5동 주민센터_구로구보건소","09:00 ~ 18:00","09:00 ~ 18:00","09:00 ~ 18:00","02-860-2012",37.5,126.889
"2020년 09월 08일 13시","○","서울","구로구","고대구로병원","구로동로 148","09:00 ~ 17:30","미운영","미운영","02-2626-1554",37.4922,126.885
"2020년 09월 08일 13시","○","서울","구로구","구로성심병원","경인로 427","09:00 ~ 17:30","09:00 ~ 12:30","미운영","02-2067-1500",37.4583,126.688
"2020년 09월 08일 13시","○","서울","금천구","금천구보건소","서울 금천구 시흥제1동 1020 금천구보건소","09:00 ~ 18:00","09:00 ~ 16:00","09:00 ~ 16:00","02-2627-2717",37.457,126.896
"2020년 09월 08일 13시","○","서울","금천구","희명병원","서울특별시 금천구 시흥대로 244","00:00 ~ 24:00","00:00 ~ 24:00","00:00 ~ 24:00","02-2219-7231",37.4556,126.901
"2020년 09월 08일 13시","○","서울","노원구","노원구보건소","서울 노원구 상계6.7동 노원구보건소_701-1","09:00 ~ 18:00","09:00 ~ 18:00","09:00 ~ 18:00","02-2116-3000",37.6546,127.057
"2020년 09월 08일 13시","○","서울","노원구","노원을지대학교병원","서울 노원구 한글비석로 68","00:00 ~ 24:00","미운영","미운영","02-970-8000",37.6363,127.07
"2020년 09월 08일 13시","○","서울","노원구","상계백병원","서울 노원구 동일로 1342","00:00 ~ 24:00","00:00 ~ 24:00","미운영","02-950-1114",37.6486,127.063
"2020년 09월 08일 13시","○","서울","도봉구","도봉구보건소","서울 도봉구 쌍문동 565","09:00 ~ 18:00","09:00 ~ 18:00","09:00 ~ 18:00","02-2091-4436",37.658,127.039
"2020년 09월 08일 13시","○","서울","동대문구","동대문구보건소","서울 동대문구 용두동 39-9","09:00 ~ 18:00","09:00 ~ 15:00","09:00 ~ 15:00","02-2127-4283",37.5742,127.04
"2020년 09월 08일 13시","○","서울","동대문구","삼육서울병원","서울 동대문구 망우로 82","09:00 ~ 16:30","미운영","09:00 ~ 16:30","1577-3675",37.5893,127.065
"2020년 09월 08일 13시","○","서울","동대문구","서울특별시동부병원","서울 동대문구 무학로 124","09:00 ~ 22:00","09:00 ~ 18:00","09:00 ~ 18:00","920-9435(9119)",37.5753,127.032
"2020년 09월 08일 13시","○","서울","동대문구","서울성심병원","서울 동대문구 왕산로 259","09:00 ~ 16:00","미운영","미운영","966-1616",37.5844,127.05
"2020년 09월 08일 13시","○","서울","동대문구","경희의료원","서울 동대문구 경희대로 23","08:30 ~ 17:00","08:30 ~ 12:00","미운영","958-8114",37.5954,127.053
"2020년 09월 08일 13시","○","서울","동작구","동작구보건소","서울 동작구 상도2동 176-3","09:00 ~ 18:00","09:00 ~ 15:00","09:00 ~ 15:00","02-820-9465",37.5044,126.941
"2020년 09월 08일 13시","○","서울","동작구","서울특별시 보라매병원","동작구 보라매로5길 20","09:00 ~ 17:30","09:00 ~ 12:30","09:00 ~ 12:30","02-870-2114",37.4932,126.924
"2020년 09월 08일 13시","○","서울","마포구","마포구보건소","서울 마포구 성산동 370","09:00 ~ 18:00","09:00 ~ 13:00","09:00 ~ 13:00","02-3153-9037",37.5663,126.902
"2020년 09월 08일 13시","○","서울","서대문구","서대문구보건소","서울 서대문구 연희동  연희로242 (연희동 165-2)","09:00 ~ 18:00","09:00 ~ 13:00","09:00 ~ 13:00","02-330-1806",37.5786,126.936
"2020년 09월 08일 13시","○","서울","서대문구","세브란스병원","연세로 50-1","06:00 ~ 06:00","06:00 ~ 06:00","06:00 ~ 06:00","1599-1004",37.5641,126.939
"2020년 09월 08일 13시","○","서울","중구","서울중구보건소","서울 중구 신당동 50-5 중구보건소","09:00 ~ 18:00","09:00 ~ 16:00","09:00 ~ 16:00","02-3396-5181",37.5638,127.015
"2020년 09월 08일 13시","○","서울","중구","인제대학교서울백병원","서울 중구 마른내로 9 백병원","00:00 ~ 00:00","00:00 ~ 00:00","00:00 ~ 00:00","02-2270-0114",37.5649,126.989
"2020년 09월 08일 13시","○","서울","서초구","서초구보건소","서울 서초구 서초동(서초2동) 1376-3 서초구청 보건소","09:00 ~ 20:00","09:00 ~ 18:00","09:00 ~ 18:00","02-2155-8093",37.4836,127.033
"2020년 09월 08일 13시","○","서울","서초구","가톨릭대학교 서울성모병원","서울시 서초구 반포대로 222","-","-","-","02-1588-1511",37.5004,127.007
"2020년 09월 08일 13시","○","서울","서초구","서울특별시 어린이병원","서울특별시 서초구 헌릉로 260","10:00 ~ 15:00","미운영","미운영","02-570-8000",37.4555,127.069
"2020년 09월 08일 13시","○","서울","성동구","성동구보건소","서울 성동구 홍익동 (왕십리도선동) 16-15 성동구보건소","9:00 ~ 18:00","9:00 ~ 18:00","9:00 ~ 18:00","02-2286-7172",37.567,127.033
"2020년 09월 08일 13시","○","서울","성동구","한양대학교병원","서울특별시 성동구 왕십리로 222-1 (사근동)","09:00 ~ 17:00","09:00 ~ 12:00","미운영","02-2290-9880",37.5623,127.047
"2020년 09월 08일 13시","○","서울","성동구","성동군자의원","서울특별시 성동구 광나루로 323 송정빌딩 2층","09:00 ~ 18:00","미운영","미운영","02-499-7785",37.5484,127.066
"2020년 09월 08일 13시","○","서울","성북구","성북구보건소","서울 성북구 월곡제2동 46-1 성북구보건소 ","09:00 ~ 18:00","09:00 ~ 18:00","09:00 ~ 18:00","02-2241-5912",37.6026,127.04
"2020년 09월 08일 13시","○","서울","성북구","고려대학교의료원안암병원","고려대로73(안암동 5가)","09:00 ~ 16:00","09:00 ~ 12:30","미운영","02-920-5114",37.587,127.027
"2020년 09월 08일 13시","○","서울","송파구","송파구보건소","서울 송파구 신천동 29-5 송파구청_보건소","9:00 ~ 18:00","9:00 ~ 16:00","9:00 ~ 16:00","02-2147-3479",37.5145,127.107
"2020년 09월 08일 13시","○","서울","송파구","서울아산병원","올림픽로43길 88","8:00 ~ 17:00","8:00 ~ 17:00","8:00 ~ 17:00","02-3010-1038",37.5255,127.108
"2020년 09월 08일 13시","○","서울","송파구","경찰병원","송이로 123","9:00 ~ 16:00","미운영","미운영","02-3400-1114",37.4964,127.123
"2020년 09월 08일 13시","○","서울","양천구","양천구보건소","서울 양천구 신정동(신정6동) 321-5 양천보건소","09:00 ~ 18:00","09:00 ~ 18:00","09:00 ~ 18:00","02-2620-3856",37.5175,126.866
"2020년 09월 08일 13시","○","서울","양천구","이화여자대학교의과대학부속목동병원","서울 양천구 안양천로 1071","09:00 ~ 16:30","미운영","미운영","02-1666-5000",37.5364,126.886
"2020년 09월 08일 13시","○","서울","양천구","서울특별시 서남병원","양천구 신정이펜1로 20","00:00 ~ 24:00","00:00 ~ 24:00","00:00 ~ 24:00","1566-6688",37.5124,126.833
"2020년 09월 08일 13시","○","서울","양천구","홍익병원","서울 양천구 목동로 225 ","09:00 ~ 17:00","09:00 ~ 13:00","미운영","02-2693-5555",37.5284,126.864
"2020년 09월 08일 13시","○","서울","영등포구","영등포구보건소","서울 영등포구 당산동3가(당산제1동) 385-1 영등포구청 영등포구보건소","09:00 ~ 18:00","09:00 ~ 18:00","09:00 ~ 18:00","02-2670-4953",37.5265,126.896
"2020년 09월 08일 13시","○","서울","영등포구","한림대학교 강남성심병원","서울특별시 영등포구 신길로 1","08:30 ~ 16:30","08:30 ~ 11:30","미운영","1577-5587",37.4928,126.909
"2020년 09월 08일 13시","○","서울","영등포구","의료법인 성애병원","서울특별시 영등포구 여의대방로 53길22","09:00 ~ 17:00","미운영","미운영","02-840-7115",37.512,126.922
"2020년 09월 08일 13시","X","서울","영등포구","명지성모병원","서울특별시 영등포구도림로 156","09:00 ~ 17:00","09:00 ~ 12:00","미운영","02-829-7800",37.4938,126.899
"2020년 09월 08일 13시","○","서울","영등포구","가톨릭대학교 여의도성모병원","서울특별시 영등포구 63로 10","08:30 ~ 16:30","미운영","미운영","1661-7575",37.518,126.936
"2020년 09월 08일 13시","○","서울","용산구","용산구보건소","서울 용산구 이태원동 34-87","09:00 ~ 18:00","09:00 ~ 18:00","09:00 ~ 18:00","02-2199-6300",37.5324,126.99
"2020년 09월 08일 13시","○","서울","용산구","순천향대학교서울병원","용산구 대사관로 59(한남동)","08:30 ~ 17:00","08:30 ~ 12:00","미운영","02-709-9114",37.5339,127.004
"2020년 09월 08일 13시","○","서울","은평구","은평구보건소","서울 은평구 녹번동 84 은평구종합청사 은평구보건소","09:00 ~ 18:00","09:00 ~ 13:00","09:00 ~ 13:00","02-351-8640(~1)",37.6025,126.929
"2020년 09월 08일 13시","○","서울","은평구","은평성모병원","은평구 통일로1021","08:30 ~ 16:30","미운영","미운영","1811-7755",37.6332,126.92
"2020년 09월 08일 13시","○","서울","은평구","서울특별시립 서북병원","은평구 갈현로7길 49","09:00 ~ 18:00","14:00 ~ 18:00","미운영","02-3156-3022",37.6042,126.905
"2020년 09월 08일 13시","○","서울","은평구","서울특별시 은평병원","은평구 백련산로 90","10:00 ~ 17:00","미운영","미운영","02-300-8060",37.5938,126.924
"2020년 09월 08일 13시","○","서울","은평구","청구성심병원","서울 은평구 통일로 873","00:00 ~ 24:00","00:00 ~ 24:00","00:00 ~ 24:00","02-383-0129",37.6207,126.919
"2020년 09월 08일 13시","○","서울","종로구","종로구보건소","서울 종로구 옥인동(청운효자동) 45-30 종로구보건소","09:00 ~ 18:00","09:00 ~ 16:00","09:00 ~ 16:00","02-2148-3557",37.5818,126.969
"2020년 09월 08일 13시","○","서울","종로구","강북삼성병원","서울시 종로구 평동 108","07:30 ~ 17:30","07:30 ~ 12:00","미운영","02-2001-1896",37.5679,126.966
"2020년 09월 08일 13시","○","서울","종로구","서울적십자병원","서울시 종로구 평동 164","09:00 ~ 17:00","미운영","미운영","02-2002-8650",37.5671,126.967
"2020년 09월 08일 13시","○","서울","중랑구","중랑구보건소","서울 중랑구 신내2동 662 중랑구청 ","09:00 ~ 18:00","09:00 ~ 15:00","09:00 ~ 15:00","02-2094-0800",37.6066,127.093
"2020년 09월 08일 13시","○","서울","중랑구","서울의료원","중랑구 신내로 156","09:00 ~ 22:00","09:00 ~ 22:00","09:00 ~ 22:00","02-2276-8333",37.613,127.098
"2020년 09월 08일 13시","○","부산","강서구","부산강서구보건소","부산 강서구 대저2동 1932-1 강서브라이트센터 보건소","09:00 ~ 18:00","9:00 ~ 14:00","09:00 ~ 14:00","051-970-3415",35.1804,128.957
"2020년 09월 08일 13시","○","부산","강서구","의료법인 갑을녹산재단 갑을녹산병원","녹산산단321로 24-8","09:00 ~ 17:00","09:00 ~ 12:00","미운영","051-974-8449",35.0906,128.853
"2020년 09월 08일 13시","○","부산","금정구","금정구보건소","부산광역시 금정구 부곡3동 78","09:00 ~ 18:00","09:00 ~ 13:00","09:00 ~ 13:00","051-519-5051",35.2428,129.092
"2020년 09월 08일 13시","○","부산","금정구","세웅병원","부산광역시 금정구 서동로 162(서동)","09:00 ~ 17:30","09:00 ~ 12:30","미운영","051-500-9700",35.2144,129.104
"2020년 09월 08일 13시","○","부산","기장군","기장군보건소","부산광역시 기장군 기장읍 기장대로 560","09:00 ~ 18:00","14:00 ~ 18:00","14:00 ~ 18:00","051-709-4812",35.2435,129.223
"2020년 09월 08일 13시","○","부산","기장군","동남권원자력의학원","부산광역시 기장군 장안읍 좌동길 40","08:30 ~ 17:30","08:30 ~ 12:30","08:30 ~ 12:30","051-720-5114",35.3215,129.244
"2020년 09월 08일 13시","○","부산","기장군","기장병원","부산광역시 기장군 기장읍 대청로72번길 6","09:00 ~ 17:00","09:00 ~ 13:00","미운영","051-723-0171",35.2359,129.216
"2020년 09월 08일 13시","○","부산","동래구","동래구보건소","부산 동래구 명륜2동 702-54번지 ","09:00 ~ 17:00","09:00 ~ 13:00","09:00 ~ 13:00","051-555-4000",35.2114,129.08
"2020년 09월 08일 13시","○","부산","동래구","대동병원","동래구 충렬대로187","09:00 ~ 16:00","09:00 ~ 11:30","미운영","051-554-1233",35.2045,129.08
"2020년 09월 08일 13시","○","부산","남구","부산남구보건소","부산 남구 대연6동 1268-3 ","09:00 ~ 18:00","09:00 ~ 14:00","09:00 ~ 14:00","051-607-6460",35.1361,129.085
"2020년 09월 08일 13시","○","부산","남구","부산성모병원","부산시 남구 용호로 232번길 25-14","09:00 ~ 16:00","09:00 ~ 12:00","미운영","051-933-7119",35.1102,129.109
"2020년 09월 08일 13시","○","부산","동구","부산동구보건소","부산 동구 수정동(수정제2동) 806-74 동구청 보건소","09:00 ~ 18:00","09:00 ~ 14:00","09:00 ~ 14:00","051-440-6500",35.1293,129.045
"2020년 09월 08일 13시","○","부산","동구","좋은문화병원","부산광역시 동구 범일로 119(범일동)","09:00 ~ 17:00","09:00 ~ 13:00","미운영","051-644-2002",35.1407,129.059
"2020년 09월 08일 13시","○","부산","동구","김원묵기념봉생병원","부산광역시 동구 중앙대로 401(좌천동)","09:00 ~ 12:00","09:00 ~ 12:00","미운영","051-664-4000",35.135,129.055
"2020년 09월 08일 13시","○","부산","북구","부산북구보건소","부산 북구 금곡대로 348 ","09:00 ~ 18:00","09:00 ~ 14:00","09:00 ~ 14:00","051-309-4500",35.2392,129.015
"2020년 09월 08일 13시","○","부산","북구","부민병원","부산 북구 만덕대로 59","09:00 ~ 17:00","09:00 ~ 13:00","미운영","051-330-3000",35.212,129.011
"2020년 09월 08일 13시","X","부산","북구","구포성심병원","부산 북구 낙동대로 1786(구포동) ","08:30 ~ 17:00","08:30 ~ 12:30","미운영","051-330-2001",35.2096,129.005
"2020년 09월 08일 13시","○","부산","서구","부산서구보건소","부산 서구 부용동2가(부민동) 86 서구보건소 부민노인복지관","09:00 ~ 18:00","14:00 ~ 18:00","14:00 ~ 18:00","051-240-4891",35.1075,129.018
"2020년 09월 08일 13시","○","부산","서구","동아대학교병원","대신공원로 26","08:00 ~ 17:00","미운영","미운영","051-240-5085",35.1203,129.018
"2020년 09월 08일 13시","○","부산","서구","고신대학교복음병원","부산광역시 서구 암남동 감천로 262","08:30 ~ 17:00","미운영","미운영","051-990-3233",35.0808,129.014
"2020년 09월 08일 13시","○","부산","서구","삼육부산병원","부산광역시 서구 서대신동2가 대티로 170","08:30 ~ 17:00","미운영","미운영","051-600-7575",35.1125,129.011
"2020년 09월 08일 13시","○","부산","중구","부산중구보건소","부산 중구 대청동1가 중구청 중구로 120","09:00 ~ 18:00","09:00 ~ 14:00","09:00 ~ 14:00","051-600-4962",35.1061,129.032
"2020년 09월 08일 13시","○","부산","중구","메리놀병원","중구로 121","11:00 ~ 17:00","11:00 ~ 12:30","미운영","051-461-2348(2300)",35.1073,129.032
"2020년 09월 08일 13시","○","부산","부산진구","부산진구보건소","부산 부산진구 범천동(범천제1동) 849-10 부산진보건소","09:00 ~ 18:00","09:00 ~ 14:00","09:00 ~ 14:00","051-645-4000",35.1463,129.06
"2020년 09월 08일 13시","○","부산","부산진구","인제대학교부산백병원","부산광역시 부산진구 개금동 복지로 75","09:00 ~ 16:00","00:00 ~ 24:00","00:00 ~ 24:00","051-890-8933",35.1463,129.021
"2020년 09월 08일 13시","X","부산","부산진구","온종합병원","가야대로 721","09:00 ~ 17:00","09:00 ~ 13:00","00:00 ~ 24:00","051-607-0139",35.1578,129.05
"2020년 09월 08일 13시","X","부산","부산진구","동의병원","부산광역시 부산진구 양정2동 양정로 62","08:30 ~ 17:30","08:30 ~ 12:30","00:00 ~ 24:00","051-850-8777",35.1705,129.077
"2020년 09월 08일 13시","X","부산","부산진구","춘해병원","중앙대로 605","06:30 ~ 17:00","06:30 ~ 13:00","00:00 ~ 24:00","051-608-0119",35.147,129.058
"2020년 09월 08일 13시","○","부산","사상구","사상구보건소","부산 사상구 감전동 138-8","09:00 ~ 18:00","09:00 ~ 14:00","09:00 ~ 14:00","051-310-4791",35.1524,128.992
"2020년 09월 08일 13시","○","부산","사상구","좋은삼선병원","부산 사상구 가야대로 326","09:00 ~ 16:00","09:00 ~ 12:00","미운영","051-322-0900",35.1501,129.008
"2020년 09월 08일 13시","○","부산","사상구","부산보훈병원","부산 사상구 백양대로 420 (주례동)","08:30 ~ 17:30","미운영","미운영","051-601-6000",35.1508,129.003
"2020년 09월 08일 13시","○","부산","사하구","사하구보건소","부산 사하구 신평2동 647-5","09:00 ~ 18:00","09:00 ~ 14:00","09:00 ~ 14:00","051-220-5741",35.0942,128.959
"2020년 09월 08일 13시","○","부산","수영구","수영구보건소","부산 수영구 광안1동 661-1번지","09:00 ~ 18:00","09:00 ~ 14:00","09:00 ~ 14:00","051-752-4000",35.1626,129.113
"2020년 09월 08일 13시","○","부산","수영구","좋은강안병원","부산 수영구 수영로 493","09:00 ~ 16:30","09:00 ~ 12:30","미운영","051-625-0900",35.15,129.11
"2020년 09월 08일 13시","○","부산","수영구","BHS한서병원","부산 수영구 수영로 615","15:30 ~ 17:30","미운영","미운영","051-756-0081",35.1609,129.113
"2020년 09월 08일 13시","○","부산","연제구","연제구보건소","부산 연제구 연산2동 연제로 2(연산2동 1555)","09:00 ~ 18:00","9:00 ~ 14:00","09:00 ~ 14:00","051-665-4781",35.1762,129.08
"2020년 09월 08일 13시","○","부산","영도구","영도구보건소","부산광역시 영도구 청학2동 48-3 영도구청","09:00 ~ 18:00","미운영","미운영","051-419-4931",35.0912,129.068
"2020년 09월 08일 13시","○","부산","영도구","영도병원","부산시 영도구 태종로 85","9:00 ~ 17:00","9:00 ~ 13:00","미운영","051-419-7873",35.0922,129.041
"2020년 09월 08일 13시","○","부산","영도구","해동병원","부산시 영도구 태종로 133(봉래동 3가)","8:30 ~ 17:00","미운영","미운영","051-410-6682",35.0945,129.044
"2020년 09월 08일 13시","○","부산","해운대구","해운대구보건소","부산 해운대구 좌2동 1339","09:00 ~ 17:30","14:00 ~ 17:30","14:00 ~ 17:30","051-746-4000",35.1641,129.179
"2020년 09월 08일 13시","○","부산","해운대구","해운대백병원","해운대로875","08:30 ~ 17:00","미운영","미운영","051-797-0100",35.1733,129.182
"2020년 09월 08일 13시","○","부산","해운대구","해운대부민병원","해운대로584","09:00 ~ 17:00","09:00 ~ 13:00","미운영","051-602-8000",35.1614,129.156
"2020년 09월 08일 13시","○","대구","달서구","달서구보건소","대구 달서구 월성동(월성2동) 281 달서구보건소","09:00 ~ 12:00","09:00 ~ 12:00","09:00 ~ 12:00","053-667-5751",35.8297,128.533
"2020년 09월 08일 13시","○","대구","달서구","계명대학교 동산병원","대구 달서구 달구벌대로 1035","09:00 ~ 12:00","미운영","미운영","1577-6622",35.8532,128.52
"2020년 09월 08일 13시","○","대구","달서구","삼일병원","대구 달서구 월배로 446","09:00 ~ 12:00","미운영","미운영","053-659-3100",35.8329,128.554
"2020년 09월 08일 13시","○","대구","달서구","구병원","대구 달서구 감삼북길 141","09:00 ~ 12:00","미운영","미운영","053-560-9114",35.8507,128.541
"2020년 09월 08일 13시","○","대구","달서구","세강병원","대구 달서구 구마로 220","09:00 ~ 12:00","미운영","미운영","053-215-6200",35.8367,128.552
"2020년 09월 08일 13시","○","대구","달성군","달성군 보건소","대구 달성군 현풍읍 하리 253-2 ","09:00 ~ 18:00","09:00 ~ 14:00","09:00 ~ 14:00","053-668-3333",35.6921,128.445
"2020년 09월 08일 13시","○","대구","남구","대구광역시 남구보건소","대구 남구 대명2동 2003번지(영선길 34)","09:00 ~ 18:00","9:00 ~ 13:00","9:00 ~ 13:00","053-664-3601",35.8539,128.592
"2020년 09월 08일 13시","○","대구","남구","영남대학교 병원","대구 남구 현충로 170","08:30 ~ 13:00","미운영","미운영","053-620-3177",35.847,128.583
"2020년 09월 08일 13시","○","대구","남구","대구가톨릭대학교 병원","대구 남구 두류공원로17길 33","08:30 ~ 17:30","08:30 ~ 12:30","미운영","053-650-4194",35.8438,128.567
"2020년 09월 08일 13시","○","대구","남구","드림병원","대구 남구 대명로 153","08:30 ~ 17:30","08:30 ~ 12:30","미운영","053-640-8800",35.8396,128.574
"2020년 09월 08일 13시","○","대구","동구","대구광역시 동구보건소","대구 동구 검사동(동촌동) 1005-8 동구보건소","09:00 ~ 18:00","09:00 ~ 16:00","09:00 ~ 16:00","053-662-3225",35.8881,128.651
"2020년 09월 08일 13시","○","대구","동구","대구파티마병원","대구광역시 동구 아양로 99","09:00 ~ 17:00","09:00 ~ 12:00","미운영","053-940-7098",35.884,128.624
"2020년 09월 08일 13시","○","대구","북구","대구광역시 북구보건소","대구광역시 북구 침산3동 521-2 (침산동 북구보건소)","11:00 ~ 17:00","11:00 ~ 16:00","11:00 ~ 16:00","053-665-3204",35.8918,128.589
"2020년 09월 08일 13시","○","대구","북구","대구가톨릭대학교 칠곡가톨릭병원","대구 북구 칠곡중앙대로 440","09:00 ~ 17:00","09:00 ~ 12:00","미운영","053-320-2071",35.9349,128.549
"2020년 09월 08일 13시","○","대구","서구","대구광역시 서구보건소","대구 서구 평리3동 1230-9(국채보상로257)","09:30 ~ 16:30","09:30 ~ 12:00","미운영","053-663-3176(3178)",35.8717,128.559
"2020년 09월 08일 13시","○","대구","중구","대구광역시 중구보건소","대구 중구 태평로3가(성내3동) 174-1 중구보건소","09:00 ~ 17:00","09:00 ~ 12:00","09:00 ~ 12:00","053-661-3111",35.8779,128.583
"2020년 09월 08일 13시","○","대구","수성구","수성구보건소","대구 수성구 중동 266-5(수성로213) ","09:00 ~ 18:00","09:00 ~ 12:00","09:00 ~ 12:00","053-666-3266",35.8448,128.612
"2020년 09월 08일 13시","○","인천","강화군","강화군보건소","인천 강화군 강화읍 남산리 324-1 강화군보건소","09:00 ~ 19:00","09:00 ~ 18:00","09:00 ~ 18:00","032-930-4007",37.7371,126.485
"2020년 09월 08일 13시","○","인천","강화군","비에스종합병원","충렬사로 31","00:00 ~ 24:00","00:00 ~ 24:00","00:00 ~ 24:00","032-290-0241",37.7311,126.478
"2020년 09월 08일 13시","○","인천","계양구","계양구보건소","인천 계양구 계산동 1079-1 ","09:00 ~ 18:00","09:00 ~ 18:00","14:00 ~ 18:00","032-430-7821",37.5372,126.738
"2020년 09월 08일 13시","○","인천","계양구","인성의료재단 한림병원","계양구 장재로 722","09:00 ~ 18:00","09:00 ~ 18:00","09:00 ~ 18:00","032-540-9118(~9)",37.5322,126.734
"2020년 09월 08일 13시","○","인천","계양구","메디플렉스 세종병원","계양구 계양문화로 20","09:30 ~ 16:30","09:30 ~ 11:30","미운영","032-240-8000",37.5324,126.737
"2020년 09월 08일 13시","○","인천","남동구","인천광역시남동구보건소","인천 남동구 만수동(만수6동) 1008 남동구청 남동구보건소 남동구보건소","09:00 ~ 20:00","09:00 ~ 20:00","09:00 ~ 20:00","032-466-3808",37.4478,126.73
"2020년 09월 08일 13시","○","인천","부평구","인천광역시부평구보건소","인천광역시 부평구 부평4동 442-1번지","9:0 ~ 18:0","9:0 ~ 18:0","9:0 ~ 18:0","032-509-3100",37.4989,126.723
"2020년 09월 08일 13시","○","인천","부평구","부평세림병원","인천광역시 부평구 부평대로 175","8:30 ~ 17:0","8:30 ~ 12:30","0:0 ~ 24:0","032-524-0591",37.5068,126.72
"2020년 09월 08일 13시","○","인천","부평구","가톨릭대학교 인천성모병원","인천광역시 부평구 동수로 56","8:30 ~ 17:0","8:30 ~ 12:0","미운영","032-1544-9004",37.4844,126.725
"2020년 09월 08일 13시","○","인천","부평구","근로복지공단 인천병원","인천광역시 부평구 무네미로 446","8:30 ~ 17:0","미운영","미운영","032-500-0114",37.4762,126.754
"2020년 09월 08일 13시","○","인천","연수구","연수구보건소","인천 연수구 청학동  465-2(함박뫼로 13호)","00:00 ~ 20:00","00:00 ~ 18:00","00:00 ~ 18:00","032-749-8174",37.4191,126.671
"2020년 09월 08일 13시","○","인천","연수구","나사렛국제병원","인천광역시 연수구 먼우금로 98 (동춘동_나사렛국제병원)","09:00 ~ 17:30","09:00 ~ 13:00","미운영","032-899-9999",37.408,126.671
"2020년 09월 08일 13시","○","인천","연수구","인천적십자병원","인천광역시 연수구 원인재로 263 (연수동_인천적십자병원)","08:30 ~ 17:00","08:30 ~ 12:00","미운영","032-899-4000",37.4191,126.689
"2020년 09월 08일 13시","○","인천","옹진군","옹진군보건소","인천광역시 미추홀구 매소홀로120","09:00 ~ 20:00","09:00 ~ 18:00","09:00 ~ 18:00","032-899-3130",37.4465,126.637
"2020년 09월 08일 13시","○","인천","옹진군","백령병원","인천광역시 백령로 233","09:00 ~ 18:00","09:00 ~ 18:00","09:18 ~ 00:00","032-836-1731",37.9625,124.701
"2020년 09월 08일 13시","○","인천","미추홀구","인천광역시미추홀구보건소","인천 미추홀구 도화동(도화1동) 357-1 미추홀구보건소","09:00 ~ 20:00","09:00 ~ 17:00","09:00 ~ 17:00","032-880-5333(~5)",37.461,126.677
"2020년 09월 08일 13시","○","인천","미추홀구","인천사랑병원","미추홀대로 726","08:30 ~ 17:30","08:30 ~ 12:30","미운영","032-457-2000",37.4621,126.681
"2020년 09월 08일 13시","○","인천","미추홀구","현대유비스병원","인천광역시 남구 숭의동 독배로 503","08:30 ~ 17:30","08:30 ~ 12:30","미운영","032-890-5509",37.4615,126.643
"2020년 09월 08일 13시","○","인천","동구","인천광역시동구보건소","인천 동구 만석동 18-3 인천광역시동구보건소_1동","09:00 ~ 21:00","09:00 ~ 18:00","09:00 ~ 18:00","032-770-5700",37.4833,126.626
"2020년 09월 08일 13시","○","인천","동구","인천백병원","인천 동구 샛골로214","00:00 ~ 24:00","00:00 ~ 24:00","00:00 ~ 24:00","1800-7070",37.4765,126.644
"2020년 09월 08일 13시","○","인천","서구","인천광역시서구보건소","인천 서구 심곡동(연희동) 246-1 서구보건소 39","09:00 ~ 21:00","09:00 ~ 21:00","09:00 ~ 21:00","032-560-5000",37.5444,126.674
"2020년 09월 08일 13시","○","인천","서구","국제성모병원","서구 심곡로100번길 23","0:0 ~ 24:00","0:0 ~ 24:00","0:0 ~ 24:0","032-290-2781",37.5425,126.684
"2020년 09월 08일 13시","○","인천","서구","검단탑병원","서구 청마로19번길 5","0:0 ~ 24:00","0:0 ~ 24:00","0:0 ~ 24:0","032-590-0119",37.5925,126.671
"2020년 09월 08일 13시","○","인천","서구","나은병원","서구 원적로 23","0:0 ~ 24:00","0:0 ~ 24:00","0:0 ~ 24:0","032-584-4119",37.489,126.68
"2020년 09월 08일 13시","○","인천","서구","성민병원","서구 신석로 70","0:0 ~ 24:00","0:0 ~ 24:00","0:0 ~ 24:0","032-726-1119",37.5091,126.67
"2020년 09월 08일 13시","○","인천","서구","온누리병원","서구 완정로 199","0:0 ~ 24:00","0:0 ~ 24:00","0:0 ~ 24:0","032-568-9111",37.6028,126.654
"2020년 09월 08일 13시","○","인천","중구","인천광역시중구보건소","인천 중구 전동 2-1","10:00 ~ 18:00","14:00 ~ 18:00","14:00 ~ 18:00","032-760-6050",37.4772,126.629
"2020년 09월 08일 13시","○","인천","중구","인천기독병원","인천 중구 답동로 30번길 10","08:30 ~ 17:30","미운영","미운영","032-270-8300",37.4713,126.632
"2020년 09월 08일 13시","○","인천","중구","영종 국제도시보건과","인천 중구 운남서로 100-1","10:00 ~ 18:00","14:00 ~ 18:00","미운영","032-760-6888",37.4939,126.531
"2020년 09월 08일 13시","○","광주","광산구","광산구보건소","광주광역시 광산구 광산로29번길 15(송정동)","09:00 ~ 18:00","09:00 ~ 18:00","09:00 ~ 18:00","062-960-8771",35.1397,126.794
"2020년 09월 08일 13시","○","광주","광산구","첨단종합병원","광주광역시 광산구 첨단중앙로 170번길 59","09:00 ~ 09:00","09:00 ~ 09:00","09:00 ~ 09:00","062-601-8119",35.2209,126.845
"2020년 09월 08일 13시","○","광주","광산구","KS병원","광산구 왕버들로220","09:00 ~ 09:00","09:00 ~ 09:00","09:00 ~ 09:00","062-975-9119",35.1979,126.833
"2020년 09월 08일 13시","○","광주","남구","광주남구보건소","광주광역시 남구 봉선로 1","09:00 ~ 18:00","09:00 ~ 18:00","09:00 ~ 18:00","062-607-4344",35.1293,126.907
"2020년 09월 08일 13시","○","광주","남구","광주기독병원","광주광역시 남구 양림로 37","09:00 ~ 17:00","미운영","미운영","062-650-5119",35.1367,126.912
"2020년 09월 08일 13시","○","광주","동구","광주동구보건소","광주 동구 서석동 31번지 ","09:00 ~ 18:00","09:00 ~ 18:00","09:00 ~ 18:00","062-608-3312",35.1458,126.923
"2020년 09월 08일 13시","○","광주","북구","광주북구보건소","광주 북구 중흥2동 359번지","09:00 ~ 18:00","09:00 ~ 18:00","09:00 ~ 18:00","062-410-8112",35.1733,126.912
"2020년 09월 08일 13시","X","광주","북구","광주일곡병원","광주 북구 양일로 309","09:00 ~ 09:00","09:00 ~ 09:00","09:00 ~ 09:00","062-608-7119",35.2028,126.898
"2020년 09월 08일 13시","○","광주","서구","광주서구보건소","광주 서구 농성동(농성1동) 299 서구보건소","09:00 ~ 18:00","09:00 ~ 18:00","09:00 ~ 18:00","062-350-4148",35.1523,126.89
"2020년 09월 08일 13시","○","광주","서구","서광병원","금화로 59번길 6 (금호동)","09:00 ~ 17:00","09:00 ~ 12:00","미운영","062-600-8119(8161)",35.1326,126.855
"2020년 09월 08일 13시","○","대전","대덕구","대덕구보건소","대전 대덕구 석봉로 38번길 55","09:00 ~ 17:30","09:00 ~ 12:00","09:00 ~ 12:00","042-608-5431(~34)",36.4449,127.426
"2020년 09월 08일 13시","○","대전","대덕구","근로복지공단 대전병원","대덕구 계족로 637","08:30 ~ 12:30","미운영","미운영","042-670-5377",36.3683,127.429
"2020년 09월 08일 13시","○","대전","대덕구","대전보훈병원","대덕구 대청로 82번길 147","08:30 ~ 17:00","미운영","미운영","042-939-0118(0100)",36.4473,127.439
"2020년 09월 08일 13시","○","대전","동구","대전광역시 동구보건소","대전광역시 동구 가오동 425","09:00 ~ 17:00","09:00 ~ 14:00","09:00 ~ 14:00","042-251-6305",36.3119,127.455
"2020년 09월 08일 13시","○","대전","동구","대전한국병원","대전광역시 동구 동서대로 1672 ","09:00 ~ 16:00","09:00 ~ 11:00","미운영","042-606-1500",36.3482,127.436
"2020년 09월 08일 13시","○","대전","서구","대전광역시 서구보건소","대전 서구 만년동 340번지","09:00 ~ 17:30","09:00 ~ 12:00","09:00 ~ 12:00","042-288-4520",36.3671,127.381
"2020년 09월 08일 13시","○","대전","서구","을지대학교병원","대전 서구 둔산서로 95","08:30 ~ 17:30","08:30 ~ 12:30","미운영","1899-0001",36.3553,127.382
"2020년 09월 08일 13시","○","대전","서구","건양대학교병원","대전 서구 관저동로 158","08:30 ~ 17:30","08:30 ~ 12:30","미운영","1577-3330",36.2992,127.34
"2020년 09월 08일 13시","○","대전","중구","대전광역시 중구보건소","대전 중구 문화2동 785 중구보건소 ","09:00 ~ 17:00","09:00 ~ 12:00","09:00 ~ 12:00","042-288-8028",36.308,127.395
"2020년 09월 08일 13시","○","대전","중구","대전성모병원","대전광역시 중구 대흥로 64 가톨릭대학교대전성모병원","08:30 ~ 12:00","미운영","미운영","042-220-9817",36.3228,127.42
"2020년 09월 08일 13시","○","대전","중구","대전선병원","대전광역시 중구 목중로 29 대전선병원","08:30 ~ 17:30","미운영","미운영","042-220-8166",36.3361,127.411
"2020년 09월 08일 13시","○","대전","유성구","대전광역시 유성구보건소","대전 유성구 장대동(온천2동) 282-15 유성구보건소 유성구보건소","09:30 ~ 17:00","09:30 ~ 12:00","09:30 ~ 12:00","042-611-5000",36.3581,127.335
"2020년 09월 08일 13시","○","대전","유성구","유성선병원","북유성대로93","09:00 ~ 17:00","미운영","미운영","042-609-1120",36.3752,127.325
"2020년 09월 08일 13시","○","울산","남구","울산남구보건소","울산광역시 남구 삼산동 1538-4번지 울산남구보건소 (삼산동)","09:00 ~ 16:00","미운영","09:00 ~ 12:00","052-226-2805",35.5454,129.336
"2020년 09월 08일 13시","○","울산","남구","의료법인 정안의료재단 중앙병원","울산 남구 문수로 480번길 10","10:00 ~ 17:00","10:00 ~ 12:00","미운영","052-226-1303",35.5315,129.305
"2020년 09월 08일 13시","○","울산","남구","울산병원","울산 남구 월평로 171번길 13","09:00 ~ 17:00","09:00 ~ 12:00","미운영","052-259-5260",35.5462,129.323
"2020년 09월 08일 13시","○","울산","남구","좋은삼정병원","울산광역시 남구 삼호동 북부순환도로 51","10:00 ~ 16:30","미운영","미운영","052-220-7592",35.5528,129.269
"2020년 09월 08일 13시","○","울산","동구","울산동구보건소","울산 동구 화정동 222","09:00 ~ 16:00","미운영","미운영","052-209-4080",35.5051,129.417
"2020년 09월 08일 13시","○","울산","북구","울산북구보건소","울산 북구 연암동(효문동) 1082 보건소","9:00 ~ 16:00","미운영","09:00 ~ 12:00","052-289-3450",35.5836,129.361
"2020년 09월 08일 13시","○","울산","북구","울산시티병원","울산광역시 북구 산업로 1007","9:00 ~ 16:00","9:00 ~ 12:00","미운영","052-280-9119",35.5829,129.359
"2020년 09월 08일 13시","○","울산","중구","울산중구보건소","울산 중구 남외동  603-2","09:00 ~ 16:00","미운영","미운영","052-290-4300",35.5694,129.35
"2020년 09월 08일 13시","○","울산","중구","동강병원","울산광역시 중구 태화로 239","09:00 ~ 17:00","미운영","미운영","052-241-1119",35.5537,129.302
"2020년 09월 08일 13시","○","울산","울주군","울주군보건소","울산 울주군 삼남면 교동리 1605-1 울주군보건소","09:00 ~ 16:00","미운영","미운영","052-204-2798",35.5584,129.114
"2020년 09월 08일 13시","○","울산","울주군","서울산보람병원","울주군 삼남면 중평로 53","09:00 ~ 17:00","09:00 ~ 12:00","미운영","052-255-7114",35.5596,129.121
"2020년 09월 08일 13시","○","울산","울주군","KTX역 선별진료소","울주군 삼남면 신화리467","10:00 ~ 18:00","10:00 ~ 18:00","10:00 ~ 18:00","052-229-3562",35.5513,129.138
"2020년 09월 08일 13시","○","경기","가평군","가평군보건소","경기 가평군 가평읍 읍내3리 624-1 ","09:00 ~ 18:00","09:00 ~ 18:00","09:00 ~ 18:00","031-582-2488",37.8234,127.516
"2020년 09월 08일 13시","○","경기","가평군","HJ매그놀리아국제병원","경기도 가평군 설악면 미사리로 267-117 ","09:00 ~ 18:00","09:00 ~ 18:00","09:00 ~ 18:00","031-589-4300",37.6925,127.521
"2020년 09월 08일 13시","○","경기","고양시","고양시덕양구보건소","경기 고양시 덕양구 주교동 603 덕양구보건소","09:00 ~ 18:00","09:00 ~ 18:00","09:00 ~ 18:00","031-8075-4059",37.6577,126.831
"2020년 09월 08일 13시","○","경기","과천시","과천시보건소","경기 과천시 중앙동 과천시청 관문로 69 (중앙동)","09:00 ~ 18:00","09:00 ~ 12:00","09:00 ~ 12:00","02-2150-3832",37.4292,126.988
"2020년 09월 08일 13시","○","경기","광명시","광명시보건소","경기 광명시 하안1동 230-1 오리로613","09:00 ~ 18:00","미운영","10:00 ~ 14:00","02-2680-2577",37.4565,126.879
"2020년 09월 08일 13시","○","경기","광명시","광명성애병원","경기도 광명시 디지털로 36","09:00 ~ 17:30","09:00 ~ 12:00","미운영","02-2680-7119",37.4732,126.872
"2020년 09월 08일 13시","○","경기","광주시","광주시보건소","경기 광주시 경안동 115","09:00 ~ 18:00","09:00 ~ 13:00","09:00 ~ 13:00","031-760-2110",37.4164,127.251
"2020년 09월 08일 13시","○","경기","광주시","참조은병원","광주대로 45","09:00 ~ 22:00","09:00 ~ 22:00","09:00 ~ 22:00","031-767-7575",37.4109,127.26
"2020년 09월 08일 13시","○","경기","구리시","구리시보건소","경기 구리시 인창동 674-3","9:00 ~ 18:00","14:00 ~ 18:00","미운영","031-550-8432",37.6046,127.145
"2020년 09월 08일 13시","○","경기","구리시","한양대구리병원","경기도 구리시 경춘로 153","9:00 ~ 17:30","9:00 ~ 12:30","24:00 ~ 24:00","1644-9118",37.6012,127.132
"2020년 09월 08일 13시","○","경기","군포시","군포시보건소","경기 군포시 부곡동 770-1 (군포로221)","09:00 ~ 17:30","09:00 ~ 12:00","미운영","031-3908972",37.3331,126.926
"2020년 09월 08일 13시","○","경기","군포시","원광대학교의과대학 산본병원","경기도 군포시 산본로 321","09:00 ~ 12:00","미운영","미운영","031-390-2345",37.3594,126.934
"2020년 09월 08일 13시","○","경기","군포시","효산의료재단법인 지샘병원","경기도 군포시 군포로 591","09:00 ~ 17:00","미운영","미운영","031-389-3119",37.3587,126.947
"2020년 09월 08일 13시","○","경기","기흥구","기흥구보건소","경기도 용인시 기흥구 신갈동 60-3","09:00 ~ 17:00","09:00 ~ 17:00","09:00 ~ 17:00","031-324-6975",37.2726,127.106
"2020년 09월 08일 13시","○","경기","용인시","강남병원","경기도 용인시 기흥구 용구대로 411","09:00 ~ 17:00","09:00 ~ 12:00","미운영","031-300-0119",37.2816,127.106
"2020년 09월 08일 13시","○","경기","용인시","용인세브란스병원","용인시 기흥구 동백죽전대로363","09:00 ~ 17:00","09:00 ~ 12:00","미운영","031-5189-9010",37.2721,127.152
"2020년 09월 08일 13시","○","경기","김포시","김포시보건소","경기 김포시 사우동 김포보건소 ","09:00 ~ 17:40","09:00 ~ 17:40","09:00 ~ 12:40","031-5186-4051",37.6237,126.723
"2020년 09월 08일 13시","○","경기","김포시","김포우리병원","경기도 김포시 감암로 11","09:00 ~ 17:00","09:00 ~ 12:30","09:00 ~ 09:00","031-999-1119",37.6323,126.711
"2020년 09월 08일 13시","○","경기","김포시","뉴고려병원","경기도 김포시 김포한강3로 283","09:00 ~ 17:00","미운영","미운영","031-980-9114(408)",37.6409,126.66
"2020년 09월 08일 13시","○","경기","김포시","히즈메디병원","김포시 김포대로 681 ","08:00 ~ 21:00","08:30 ~ 17:00","08:30 ~ 17:00","1588-0223",37.6112,126.735
"2020년 09월 08일 13시","○","경기","남양주시","남양주보건소","경기 남양주시 다산동(다산2동) 3159-7 남양주시청제2청사 1~2층","09:00 ~ 18:00","09:00 ~ 18:00","09:00 ~ 18:00","031-590-4454",37.6075,127.169
"2020년 09월 08일 13시","○","경기","남양주시","남양주보건소 동부보건센터","경기 남양주시 화도읍 비룡로59","09:00 ~ 18:00","09:00 ~ 18:00","09:00 ~ 18:00","031-590-8515",37.6578,127.301
"2020년 09월 08일 13시","○","경기","동두천시","동두천시보건소","경기 동두천시 생연2동 714-9 동두천시보건소 ","09:00 ~ 17:30","미운영","미운영","031-860-3425",37.8966,127.052
"2020년 09월 08일 13시","○","경기","안양시","안양시 만안구보건소","경기 안양시 만안구 안양동(안양6동) 532-1","09:00 ~ 12:00","09:00 ~ 12:00","미운영","031-8045-3472",37.3859,126.933
"2020년 09월 08일 13시","○","경기","안양시","샘안양병원","경기도 안양시 만안구 삼덕로 9","10:00 ~ 16:00","미운영","미운영","031-467-9119",37.3935,126.925
"2020년 09월 08일 13시","○","경기","성남시","성남시분당구보건소","경기 성남시 분당구 야탑동(야탑1동) 349 분당보건소","09:00 ~ 17:30","09:00 ~ 11:30","09:00 ~ 11:30","031-729-3990",37.411,127.125
"2020년 09월 08일 13시","○","경기","성남시","분당차병원","경기도 성남시 분당구 야탑로 59(야탑동)","09:00 ~ 17:00","09:00 ~ 12:00","미운영","031-780-5546",37.4103,127.125
"2020년 09월 08일 13시","○","경기","성남시","분당제생병원","경기도 성남시 분당구서현로180번길20(서현동)","09:00 ~ 17:00","09:00 ~ 12:00","미운영","031-779-6594",37.3882,127.122
"2020년 09월 08일 13시","○","경기","성남시","성남시수정구보건소","경기 성남시 수정구 신흥동 3435 수정구보건소 218","09:00 ~ 16:00","09:00 ~ 12:00","09:00 ~ 12:00","031-729-3870",37.4443,127.144
"2020년 09월 08일 13시","○","경기","성남시","성남시의료원","성남시 수정구 수정로 171번길 10","09:00 ~ 16:30","미운영","미운영","031-738-7000",37.4449,127.139
"2020년 09월 08일 13시","○","경기","성남시","순천의료재단 정병원","수정구 수정로 76","09:00 ~ 17:30","09:00 ~ 12:00","미운영","031-757-8900",37.4398,127.129
"2020년 09월 08일 13시","○","경기","수원시","수원시권선구보건소","경기도 수원시 권선구 탑동 910","09:00 ~ 18:00","09:00 ~ 13:00","09:00 ~ 13:00","031-228-6717",37.2587,126.971
"2020년 09월 08일 13시","○","경기","시흥시","시흥시보건소","경기 시흥시 대야동 484-3 (호현로55)","09:00 ~ 18:00","미운영","09:00 ~ 13:00","031-310-6815(~8)",37.4456,126.785
"2020년 09월 08일 13시","○","경기","시흥시","시흥시화병원","시흥시 옥구천서로 337","09:00 ~ 24:00","09:00 ~ 24:00","09:00 ~ 24:00","031-8041-5802",37.3529,126.725
"2020년 09월 08일 13시","○","경기","시흥시","신천연합병원","시흥시 복지로 57","08:30 ~ 17:30","미운영","미운영","031-310-6527",37.4446,126.79
"2020년 09월 08일 13시","○","경기","시흥시","센트럴병원","시흥시 공단1대로 237","09:00 ~ 17:00","09:00 ~ 24:00","미운영","031-8041-3752(3968)",37.3367,126.728
"2020년 09월 08일 13시","○","경기","시흥시","정왕보건지소","시흥시 정왕대로233번길 19","09:00 ~ 18:00","09:00 ~ 13:00","09:00 ~ 13:00","031-310-5901",37.3468,126.74
"2020년 09월 08일 13시","○","경기","안산시","안산시단원보건소","경기 안산시 단원구 초지동 666-8 안산시 단원보건소","09:30 ~ 17:00","14:00 ~ 17:00","미운영","031-481-6363",37.3193,126.812
"2020년 09월 08일 13시","○","경기","안산시 단원구","고려대학교안산병원","경기도 안산시 단원구 적금로 123","09:00 ~ 16:30","미운영","미운영","031-412-5400",37.3191,126.825
"2020년 09월 08일 13시","○","경기","안산시","안산시상록수보건소","경기 안산시 상록구 사1동  1584","09:00 ~ 17:00","13:30 ~ 17:00","미운영","031-481-5894",37.301,126.845
"2020년 09월 08일 13시","○","경기","안산시","근로복지공단안산병원","안산시 상록구 상록구 구룡로 87","08:30 ~ 17:30","08:30 ~ 12:30","미운영","031-500-1770",37.3166,126.874
"2020년 09월 08일 13시","○","경기","안성시","안성시보건소","경기 안성시 도기동  67-21","09:00 ~ 18:00","09:00 ~ 18:00","09:00 ~ 18:00","031-678-6811",37.0001,127.27
"2020년 09월 08일 13시","○","경기","안성시","경기도의료원 안성병원","경기도 안성시 남파로 95(당왕동)","09:00 ~ 18:00","미운영","미운영","031-8046-5000",37.0172,127.26
"2020년 09월 08일 13시","○","경기","안성시","안성성모병원","안성시 시장길 58(서인동)","00:00 ~ 00:00","00:00 ~ 00:00","00:00 ~ 00:00","031-675-6007",37.0062,127.271
"2020년 09월 08일 13시","○","경기","안양시","안양시 동안구보건소","경기 안양시 동안구 비산동 1111번지","09:00 ~ 12:00","미운영","09:00 ~ 12:00","031-8045-4490",37.3925,126.952
"2020년 09월 08일 13시","○","경기","안양시","한림대학교성심병원","안양시 동안구 관평로 170번길11","08:30 ~ 16:30","08:30 ~ 12:00","미운영","031-380-4088(5975)",37.3925,126.961
"2020년 09월 08일 13시","○","경기","양주시","양주시보건소","경기 양주시 남방동(양주1동) 1-1 양주시보건소_양주시의회_양주시청 양주시보건소","09:00 ~ 17:00","09:00 ~ 12:00","미운영","031-8082-7120",37.7856,127.047
"2020년 09월 08일 13시","○","경기","양평군","양평군보건소","경기 양평군 양평읍 양근리 마유산로 17번지","09:00 ~ 18:00","09:00 ~ 18:00","미운영","031-770-3490",37.497,127.487
"2020년 09월 08일 13시","○","경기","양평군","양평병원","경기도 양평군 양평읍 중앙로 129","09:00 ~ 18:00","미운영","미운영","031-770-5119",37.494,127.503
"2020년 09월 08일 13시","○","경기","여주시","여주시보건소","경기 여주시 상동 358-3 여주시보건소","09:00 ~ 18:00","09:00 ~ 18:00","09:00 ~ 18:00","031-887-3598",37.2946,127.64
"2020년 09월 08일 13시","X","경기","여주시","세종여주병원","경기도 여주시 청심로 39","09:00 ~ 18:00","09:00 ~ 13:00","미운영","031-880-7700",37.3014,127.625
"2020년 09월 08일 13시","○","경기","오산시","오산시보건소","경기도 오산시 오산동 25","09:00 ~ 18:00","09:00 ~ 12:00","미운영","031-8036-6025",37.1596,127.078
"2020년 09월 08일 13시","○","경기","오산시","오산한국병원","오산시 밀머리로1번길 16","09:00 ~ 18:00","09:00 ~ 13:00","미운영","031-379-8300",37.1413,127.076
"2020년 09월 08일 13시","○","경기","부천시","부천시보건소","경기 부천시 중동(중2동) 1119 부천시보건소","09:30 ~ 17:30","09:30 ~ 17:30","미운영","032-625-8881(~4)",37.4942,126.781
"2020년 09월 08일 13시","○","경기","부천시","순천향대학교부속부천병원","경기도 부천시 조마루로 17","09:00 ~ 17:00","09:00 ~ 12:00","미운영","032-621-5114",37.4845,126.788
"2020년 09월 08일 13시","○","경기","부천시","가톨릭대학교부천성모병원","경기도 부천시 소사로 327","09:00 ~ 17:00","09:00 ~ 12:00","미운영","032-340-2402",37.4861,126.792
"2020년 09월 08일 13시","○","경기","부천시","부천세종병원","경기도 부천시 호현로 489번길 28","09:00 ~ 17:00","09:00 ~ 12:00","미운영","032-340-1897",37.4811,126.791
"2020년 09월 08일 13시","○","경기","의왕시","의왕시보건소","경기 의왕시 오봉로 34","09:00 ~ 18:00","09:00 ~ 12:00","09:00 ~ 12:00","031-345-3541",37.3437,126.972
"2020년 09월 08일 13시","○","경기","의왕시","아가페의료재단 시티병원","의왕시 오전천로 29","10:00 ~ 12:00","10:00 ~ 12:00","미운영","031-340-2555",37.3502,126.977
"2020년 09월 08일 13시","○","경기","의정부시","의정부시보건소","경기 의정부시 범골로131 의정부시보건소 ","15:00 ~ 17:00","미운영","미운영","031-870-6094",37.7362,127.04
"2020년 09월 08일 13시","○","경기","의정부시","경기도의료원의정부병원(응급실)","의정부시 흥선로 142","09:00 ~ 17:00","미운영","미운영","031-828-5143",37.741,127.043
"2020년 09월 08일 13시","○","경기","의정부시","가톨릭대학교 의정부 성모병원 ","의정부시 천보로 271","09:00 ~ 16:30","미운영","미운영","1661-7500",37.7584,127.077
"2020년 09월 08일 13시","○","경기","의정부시","추병원","경기도 의정부시 평화로 650","09:30 ~ 17:00","09:30 ~ 12:30","미운영","031-823-8063",37.75,127.045
"2020년 09월 08일 13시","○","경기","의정부시","의정부백병원","경기도 의정부시 금신로  322","08:30 ~ 16:30","08:30 ~ 11:30","미운영","031-842-1211",37.7452,127.062
"2020년 09월 08일 13시","○","경기","이천시","이천시보건소","경기 이천시 증포동 152-2","09:00 ~ 17:00","09:00 ~ 17:00","미운영","031-644-4011",37.289,127.452
"2020년 09월 08일 13시","○","경기","이천시","경기도의료원이천병원","경기도 이천시 경충대로 2742","08:30 ~ 17:30","미운영","미운영","031-630-4200",37.2826,127.433
"2020년 09월 08일 13시","○","경기","고양시","일산서구보건소","경기 고양시 일산서구 일산동 일중로 54","09:00 ~ 18:00","09:00 ~ 18:00","09:00 ~ 12:00","031-8075-4212",37.6844,126.776
"2020년 09월 08일 13시","○","경기","고양시","인제대학교일산백병원","경기 고양시 일산서구 주화로 170","09:00 ~ 17:00","미운영","미운영","031-910-7114",37.6742,126.75
"2020년 09월 08일 13시","○","경기","수원시","장안구보건소","경기 수원시 장안구 조원동 888번지","09:00 ~ 18:00","09:00 ~ 13:00","09:00 ~ 13:00","031-228-5717",37.3032,127.01
"2020년 09월 08일 13시","○","경기","수원시","경기도의료원 수원병원","수원시 장안구 수성로245번길 69","10:00 ~ 16:30","10:00 ~ 16:30","10:00 ~ 16:30","031-888-0190",37.292,126.997
"2020년 09월 08일 13시","○","경기","성남시","성남시중원구보건소","경기 성남시 중원구 상대원1동 269-10","09:00 ~ 18:00","13:30 ~ 16:30","11:00 ~ 15:00","031-729-3922",37.4419,127.171
"2020년 09월 08일 13시","○","경기","성남시","성남중앙병원","중원구 산성대로 476번길 12","09:00 ~ 17:00","09:00 ~ 12:00","미운영","031-799-5366",37.4527,127.162
"2020년 09월 08일 13시","○","경기","처인구","처인구보건소","경기 용인시 처인구 삼가동 556","09:00 ~ 17:00","09:00 ~ 17:00","09:00 ~ 17:00","031-324-4981",37.2406,127.177
"2020년 09월 08일 13시","○","경기","용인시","영문의료재단 다보스병원","처인구 백옥대로 1082번길 18","00:00 ~ 24:00","00:00 ~ 24:00","00:00 ~ 24:00","031-8021-2130",37.2315,127.211
"2020년 09월 08일 13시","○","경기","용인시","용인서울병원","경기도 용인시 처인구 고림로 81 ","08:00 ~ 20:00","08:00 ~ 20:00","08:00 ~ 20:00","031-322-0001",37.2403,127.215
"2020년 09월 08일 13시","○","경기","파주시","파주시보건소","경기 파주시 금촌동(금촌1동) 953-1 파주시보건소 ","09:00 ~ 18:00","09:00 ~ 18:00","09:00 ~ 18:00","031-940-9761",37.7563,126.774
"2020년 09월 08일 13시","○","경기","파주시","경기도의료원 파주병원","경기도 파주시 중앙로 207","09:00 ~ 18:00","미운영","미운영","031-940-9100",37.7546,126.78
"2020년 09월 08일 13시","○","경기","파주시","메디인병원","경기도 파주시 시청로 6","09:00 ~ 18:00","09:00 ~ 13:00","미운영","031-943-1191",37.758,126.775
"2020년 09월 08일 13시","○","경기","수원시","팔달구보건소","경기 수원시 팔달구 교동 56-1번지","09:00 ~ 18:00","09:00 ~ 13:00","09:00 ~ 13:00","031-228-7716",37.2714,127.012
"2020년 09월 08일 13시","○","경기","수원시","성빈센트 병원","경기도 수원시 팔달구 중부대로 93 (지동)","09:00 ~ 17:00","미운영","미운영","1577-8588",37.2784,127.028
"2020년 09월 08일 13시","○","경기","수원시","동수원 병원","경기도 수원시 팔달구 중부대로 165 (우만동)","09:00 ~ 17:00","미운영","미운영","031-210-0114",37.2784,127.034
"2020년 09월 08일 13시","○","경기","평택시","평택시평택보건소","경기 평택시 비전동 850(평택5로 56)","09:00 ~ 18:00","09:00 ~ 18:00","09:00 ~ 18:00","031-8024-5559",36.9908,127.112
"2020년 09월 08일 13시","○","경기","평택시","의료법인 백송의료재단 굿모닝병원","경기도 평택시 중앙로 338","08:30 ~ 17:30","08:30 ~ 13:00","미운영","031-5182-7582",36.9906,127.121
"2020년 09월 08일 13시","○","경기","평택시","의료법인 박애의료재단 박애병원","경기도 평택시 평택2로20번길 3 ","08:30 ~ 17:30","08:30 ~ 13:00","미운영"," 031-650-9219",36.993,127.089
"2020년 09월 08일 13시","○","경기","평택시","의료법인 양진의료재단 평택성모병원","경기도 평택시 평택로 284","08:30 ~ 17:00","08:30 ~ 12:50","미운영","070-5012-3549",36.9994,127.08
"2020년 09월 08일 13시","○","경기","포천시","포천시보건소","경기 포천시 신읍동 164-3 (포천시보건소)","08:00 ~ 20:00","08:00 ~ 20:00","08:00 ~ 20:00","031-538-4484",37.9008,127.201
"2020년 09월 08일 13시","○","경기","포천시","경기도의료원 포천병원","경기도 포천시 포천로 1648","00:00 ~ 24:00","00:00 ~ 24:00","00:00 ~ 24:00","031-539-9119",37.9032,127.198
"2020년 09월 08일 13시","○","경기","포천시","소흘보건지소","경기도 포천시 소흘읍 호국로 567","09:00 ~ 18:00","미운영","미운영","031-538-4486",37.8234,127.139
"2020년 09월 08일 13시","○","경기","하남시","하남시보건소","경기도 하남시 신장2동 520","09:00 ~ 18:00","09:00 ~ 12:00","미운영","031-790-6555",37.5391,127.215
"2020년 09월 08일 13시","○","경기","화성시","화성시보건소","경기 화성시 동탄산단7길 60","09:00 ~ 17:00","09:00 ~ 17:00","09:00 ~ 17:00","031-5189-1200",37.177,127.092
"2020년 09월 08일 13시","○","경기","화성시","원광종합병원","경기 화성시 화산북로 21 ","09:00 ~ 18:00","09:00 ~ 13:00","미운영","031-8077-7219",37.2099,127.008
"2020년 09월 08일 13시","○","경기","화성시","화성중앙종합병원","경기 화성시 향남읍 발안로 5","09:00 ~ 18:00","09:00 ~ 13:00","미운영","031-371-8080",37.1313,126.911
"2020년 09월 08일 13시","○","경기","화성시","한림대학교동탄성심병원","경기 화성시 큰재봉길 7","00:00 ~ 24:00","00:00 ~ 24:00","00:00 ~ 24:00","031-8086-3612(3615)",37.2167,127.08
"2020년 09월 08일 13시","○","경기","화성시","남양디에스병원","경기도 화성시 남양읍 시청로160번길 46-13","09:00 ~ 18:00","09:00 ~ 18:00","09:00 ~ 18:00","1600-5982",37.1992,126.826
"2020년 09월 08일 13시","○","경기","수원시","영통구보건소","경기 수원시 영통구 영통동 영통로 396","09:00 ~ 18:00","09:00 ~ 13:00","09:00 ~ 13:00","031-228-8785",37.2504,127.065
"2020년 09월 08일 13시","○","경기","수원시","아주대학교병원","수원시 영통구 월드컵로164","00:00 ~ 00:00","00:00 ~ 00:00","00:00 ~ 00:00","031-1688-6114",37.2795,127.048
"2020년 09월 08일 13시","○","경기","평택시","평택시송탄보건소","경기 평택시 서정동 산 12(서정로 295)","09:00 ~ 18:00","09:00 ~ 18:00","09:00 ~ 18:00","031-8024-7236",37.0762,127.039
"2020년 09월 08일 13시","○","경기","평택시","박병원","평택시 송탄로 33","00:00 ~ 24:00","00:00 ~ 24:00","00:00 ~ 24:00","031-666-2600",37.0482,127.057
"2020년 09월 08일 13시","○","경기","고양시","일산동구보건소","경기 고양시 일산동구 마두동 1010번지","09:00 ~ 18:00","09:00 ~ 18:00","09:00 ~ 12:00","031-8075-4135",37.6569,126.776
"2020년 09월 08일 13시","○","경기","고양시","국민건강보험공단일산병원","일산동구 일산로100","00:00 ~ 24:00","00:00 ~ 24:00","00:00 ~ 24:00","031-900-0750",37.6454,126.793
"2020년 09월 08일 13시","○","경기","고양시","동국대학교일산불교병원","고양시 일산동구 동국로 27(식사동)","08:30 ~ 17:30","08:30 ~ 13:00","미운영","031-961-7000",37.6763,126.807
"2020년 09월 08일 13시","○","경기","고양시","일산복음병원","경기도 고양시 일산동구 고양대로760","09:00 ~ 17:00","09:00 ~ 12:00","미운영","031-929-0330(~1)",37.6817,126.78
"2020년 09월 08일 13시","○","경기","용인시","수지구보건소","경기도 용인시 수지구 풍덕천1동 720번지","9:00 ~ 17:00","9:00 ~ 17:00","9:00 ~ 17:00","031-324-8566",37.3218,127.098
"2020년 09월 08일 13시","○","경기","남양주시","남양주풍양보건소","경기 남양주시 진접읍 금곡리 1085_풍양보건소","09:00 ~ 18:00","09:00 ~ 18:00","09:00 ~ 18:00","031-590-5371",37.7105,127.189
"2020년 09월 08일 13시","○","경기","남양주시","남양주한양병원","경기도 남양주시 오남읍 양지로 47-55 ","09:00 ~ 09:00","09:00 ~ 09:00","09:00 ~ 09:00","031-510-0119",37.6824,127.204
"2020년 09월 08일 13시","○","경기","남양주시","현대병원","경기도 남양주시 진접읍 봉현로 21 ","09:00 ~ 09:00","09:00 ~ 09:00","09:00 ~ 09:00","031-574-9119",37.7155,127.18
"2020년 09월 08일 13시","○","경기","연천군","연천군보건의료원","경기 연천군 전곡읍 은대리 577-36","08:00 ~ 16:30","미운영","미운영","031-839-4062",38.0234,127.061
"2020년 09월 08일 13시","○","강원","강릉시","강릉시보건소","강원 강릉시 내곡동 413 강릉시보건소_가동 강릉시보건소","09:00 ~ 17:30","09:00 ~ 17:30","09:00 ~ 17:30","033-660-3050",37.7428,128.883
"2020년 09월 08일 13시","○","강원","강릉시","강릉아산병원","방동길 38","09:30 ~ 15:30","미운영","미운영","033-610-4111",37.8182,128.859
"2020년 09월 08일 13시","○","강원","강릉시","강릉동인병원","강릉대로419번길 42","00:00 ~ 24:00","00:00 ~ 24:00","00:00 ~ 24:00","033-651-6161",37.7728,128.909
"2020년 09월 08일 13시","○","강원","강릉시","강릉고려병원","옥가로 30","10:00 ~ 16:00","10:00 ~ 12:00","미운영","033-649-0333",37.759,128.9
"2020년 09월 08일 13시","○","강원","고성군","고성군보건소","강원 고성군 간성읍 신안리 178 보건소_가동","09:00 ~ 18:00","09:00 ~ 18:00","09:00 ~ 18:00","033-681-4000",38.3773,128.472
"2020년 09월 08일 13시","○","강원","동해시","동해시보건소","강원 동해시 천곡동 840 보건소 동해시보건소","09:00 ~ 18:00","09:00 ~ 18:00","09:00 ~ 18:00","033-530-2402",37.5229,129.117
"2020년 09월 08일 13시","○","강원","동해시","의료법인 동해동인병원","동해시 하평로 26","00:00 ~ 24:00","00:00 ~ 24:00","00:00 ~ 24:00","033-530-0119",37.5301,129.107
"2020년 09월 08일 13시","○","강원","동해시","근로복지공단 동해병원","동해시 하평로 11","00:00 ~ 24:00","00:00 ~ 24:00","00:00 ~ 24:00","033-530-3119",37.5314,129.108
"2020년 09월 08일 13시","○","강원","삼척시","삼척시보건소","강원 삼척시 남양동 347-4","09:00 ~ 18:00","09:00 ~ 18:00","09:00 ~ 18:00","033-570-4649",37.4439,129.172
"2020년 09월 08일 13시","○","강원","삼척시","강원도 삼척의료원","강원도 삼척시 오십천로 418","09:00 ~ 18:00","09:00 ~ 12:00","미운영","033-570-7545",37.4398,129.163
"2020년 09월 08일 13시","○","강원","속초시","속초시보건소","강원 속초시 교동 980(수복로 36)","09:00 ~ 20:00","09:00 ~ 20:00","09:00 ~ 20:00","033-639-2924",38.1962,128.576
"2020년 09월 08일 13시","○","강원","속초시","속초의료원","속초시 영랑호반길 3","09:00 ~ 17:00","미운영","미운영","033-630-6122",38.2164,128.589
"2020년 09월 08일 13시","○","강원","속초시","속초보광병원","속초시 중앙로 11 ","09:00 ~ 17:30","09:00 ~ 12:30","미운영","033-639-8557",38.198,128.578
"2020년 09월 08일 13시","○","강원","양구군","양구군보건소","강원 양구군 양구읍 하리 34-5 양구군보건소","09:00 ~ 18:00","09:00 ~ 18:00","09:00 ~ 18:00","033-480-2550",38.1098,127.989
"2020년 09월 08일 13시","○","강원","양구군","양구성심병원","강원 양구군 양구읍 중심로 160 ","00:00 ~ 00:00","00:00 ~ 00:00","00:00 ~ 00:00","033-480-8800",38.1045,127.991
"2020년 09월 08일 13시","○","강원","양양군","양양군보건소","강원 양양군 양양읍 연창리 203-5 양양군보건소 양양군보건소","09:00 ~ 18:00","09:00 ~ 17:00","09:00 ~ 17:00","033-670-2880",38.0778,128.627
"2020년 09월 08일 13시","○","강원","영월군","영월군보건소","강원 영월군 영월읍 하송리 246 영월군 보건소 ","09:00 ~ 18:00","09:00 ~ 18:00","09:00 ~ 18:00","033-370-2448",37.1855,128.462
"2020년 09월 08일 13시","○","강원","영월군","영월의료원","강원 영월군 영월읍 중앙1로 59 영월의료원","00:00 ~ 24:00","00:00 ~ 24:00","00:00 ~ 24:00","033-370-9129",37.1865,128.465
"2020년 09월 08일 13시","○","강원","원주시","원주시보건소","강원 원주시 일산동 211","09:00 ~ 16:00","09:00 ~ 12:00","미운영","033-737-4065",37.3516,127.947
"2020년 09월 08일 13시","○","강원","원주시","연세대학교 원주세브란스기독병원","강원 원주시 일산로 20","09:00 ~ 17:30","미운영","미운영","033-741-1641",37.3485,127.945
"2020년 09월 08일 13시","○","강원","원주시","원주의료원","강원 원주시 서원대로 387","09:00 ~ 17:30","미운영","미운영","033-760-4701",37.333,127.949
"2020년 09월 08일 13시","○","강원","인제군","인제군보건소","강원 인제군 인제읍 남북리 789-1 ","09:00 ~ 18:00","09:00 ~ 18:00","09:00 ~ 18:00","033-461-2425",38.0633,128.169
"2020년 09월 08일 13시","○","강원","정선군","정선군보건소","강원 정선군 정선읍 녹송로 33","09:00 ~ 21:00","09:00 ~ 18:00","09:00 ~ 18:00","033-560-2739",37.38,128.671
"2020년 09월 08일 13시","○","강원","정선군","근로복지공단정선병원","강원도 정선군 정선읍 봉양1길 146","08:30 ~ 17:30","08:30 ~ 17:30","08:30 ~ 17:30","033-560-7110",37.381,128.659
"2020년 09월 08일 13시","○","강원","철원군","철원군보건소","강원 철원군 갈말읍 군탄리 960-2","09:00 ~ 18:00","09:00 ~ 18:00","09:00 ~ 18:00","033-450-5950",38.1481,127.303
"2020년 09월 08일 13시","○","강원","철원군","철원병원","강원도 철원군 갈말읍 명성로 208","18:00 ~ 09:00","18:00 ~ 09:00","18:00 ~ 09:00","033-450-3300",38.1503,127.308
"2020년 09월 08일 13시","○","강원","춘천시","춘천시보건소","강원 춘천시 중앙로3가 67","09:00 ~ 18:00","09:00 ~ 18:00","09:00 ~ 18:00","033-250-4688",37.8756,127.72
"2020년 09월 08일 13시","○","강원","춘천시","한림대학교춘천성심병원","강원도 춘천시 삭주로 77","08:30 ~ 17:00","08:30 ~ 12:00","미운영","033-240-5219",37.884,127.74
"2020년 09월 08일 13시","○","강원","태백시","태백시보건소","강원 태백시 황지동 20-8","08:00 ~ 21:00","09:00 ~ 18:00","09:00 ~ 18:00","033-552-4000",37.1767,128.992
"2020년 09월 08일 13시","○","강원","태백시","근로복지공단태백병원","강원도 태백시 보드미길8","00:00 ~ 00:00","00:00 ~ 00:00","00:00 ~ 00:00","033-580-3119",37.1034,129.005
"2020년 09월 08일 13시","○","강원","홍천군","홍천군보건소","강원 홍천군 홍천읍 희망리 350 홍천군보건소","09:00 ~ 18:00","09:00 ~ 18:00","09:00 ~ 18:00","033-430-4024",37.6901,127.877
"2020년 09월 08일 13시","○","강원","홍천군","홍천아산병원","홍천군 산림공원 1길 17","00:00 ~ 24:00","00:00 ~ 24:00","00:00 ~ 24:00","033-430-5119",37.6907,127.895
"2020년 09월 08일 13시","○","강원","횡성군","횡성군보건소","강원 횡성군 횡성읍 읍하리 598 횡성보건소","09:00 ~ 17:00","09:00 ~ 17:00","09:00 ~ 17:00","033-340-5707",37.4891,127.979
"2020년 09월 08일 13시","○","강원","횡성군","횡성대성병원","강원도 횡성군 횡성읍 횡성로275","09:00 ~ 17:00","09:00 ~ 17:00","09:00 ~ 17:00","033-343-0901",37.4783,127.98
"2020년 09월 08일 13시","○","강원","평창군","평창군보건의료원","강원 평창군 평창읍 하리 233 평창군보건의료원","09:00 ~ 18:00","09:00 ~ 18:00","09:00 ~ 18:00","033-330-4800",37.3688,128.39
"2020년 09월 08일 13시","○","강원","화천군","화천군보건의료원","강원 화천군 화천읍 중리 242-4 ","09:00 ~ 18:00","09:00 ~ 18:00","09:00 ~ 18:00","033-442-4424",38.1075,127.709
"2020년 09월 08일 13시","○","충북","괴산군","괴산군보건소","충북 괴산군 괴산읍 동부리 641 괴산군보건소","09:00 ~ 18:00","09:00 ~ 18:00","09:00 ~ 18:00","043-832-4000",36.808,127.797
"2020년 09월 08일 13시","○","충북","괴산군","괴산성모병원","충북 괴산군 괴산읍 임꺽정로 116","00:00 ~ 24:00","00:00 ~ 24:00","00:00 ~ 24:00","043-830-5400",36.8154,127.784
"2020년 09월 08일 13시","○","충북","단양군","단양군보건소","충북 단양군 단양읍 상진리 84 단양군 보건소","09:00 ~ 18:00","09:00 ~ 18:00","09:00 ~ 18:00","043-420-3201",36.9817,128.351
"2020년 09월 08일 13시","○","충북","단양군","단양군립노인요양병원","충북 단양군 단양읍 별곡6길 10","09:00 ~ 09:00","09:00 ~ 09:00","09:00 ~ 09:00","043-423-8844",36.9872,128.369
"2020년 09월 08일 13시","○","충북","보은군","보은군보건소","충북 보은군 보은읍 삼산리 170-2","09:00 ~ 18:00","09:00 ~ 18:00","09:00 ~ 18:00","043-540-5613",36.4866,127.716
"2020년 09월 08일 13시","○","충북","보은군","보은한양병원","충북 보은군 보은읍 보은로 102","00:00 ~ 24:00","00:00 ~ 24:00","00:00 ~ 24:00","043-544-1500",36.4833,127.718
"2020년 09월 08일 13시","○","충북","영동군","영동군보건소","충북 영동군 영동읍 매천리 444-1","09:00 ~ 18:00","09:00 ~ 18:00","09:00 ~ 18:00","043-740-5612",36.1685,127.776
"2020년 09월 08일 13시","○","충북","영동군","영동병원","충북 영동군 영동읍 대학로 106","08:30 ~ 24:00","08:30 ~ 24:00","08:30 ~ 24:00","043-740-9000",36.1852,127.781
"2020년 09월 08일 13시","○","충북","옥천군","옥천군보건소","충북 옥천군 옥천읍 삼양리 161-45 관공서(옥천군보건소) ","09:00 ~ 20:00","09:00 ~ 18:00","09:00 ~ 18:00","043-730-2112",36.3043,127.57
"2020년 09월 08일 13시","○","충북","옥천군","옥천성모병원","충북 옥천군 옥천읍 성왕로 1195","00:00 ~ 24:00","00:00 ~ 24:00","00:00 ~ 24:00","043-730-7000",36.3137,127.572
"2020년 09월 08일 13시","○","충북","음성군","음성군보건소","충북 음성군 음성읍 읍내리 406-4","09:00 ~ 18:00","09:00 ~ 18:00","09:00 ~ 18:00","043-872-2136",36.9285,127.689
"2020년 09월 08일 13시","○","충북","음성군","금왕태성병원","음성군 금왕읍 음성로1230번길 10   ","00:00 ~ 24:00","00:00 ~ 24:00","00:00 ~ 24:00","043-883-8800",36.9975,127.599
"2020년 09월 08일 13시","○","충북","제천시","제천시보건소","충청북도 제천시 청전동 110","09:00 ~ 18:00","10:00 ~ 17:00","10:00 ~ 17:00","043-641-3821",37.1491,128.216
"2020년 09월 08일 13시","○","충북","제천시","제천 서울병원","충청북도 제천시 숭문로 57","00:00 ~ 24:00","00:00 ~ 24:00","00:00 ~ 24:00","043-642-7609",37.1387,128.206
"2020년 09월 08일 13시","○","충북","제천시","명지병원(제천)","충북 제천시 내토로 991","00:00 ~ 24:00","00:00 ~ 24:00","00:00 ~ 24:00","043-640-8373",37.1634,128.234
"2020년 09월 08일 13시","○","충북","증평군","증평군보건소","충북 증평군 증평읍 내성리 57-2 증평군보건소","09:00 ~ 18:00","09:00 ~ 18:00","미운영","043-835-4220",36.7743,127.587
"2020년 09월 08일 13시","○","충북","진천군","진천군보건소","충북 진천군 진천읍 벽암리 570 진천군보건소 본관","09:00 ~ 18:00","09:00 ~ 18:00","09:00 ~ 18:00","043-539-7334",36.8606,127.44
"2020년 09월 08일 13시","○","충북","진천군","건명의료재단 진천성모병원","진천읍 중앙북로 36","00:00 ~ 24:00","00:00 ~ 24:00","00:00 ~ 24:00","043-533-1710",36.8583,127.441
"2020년 09월 08일 13시","○","충북","청주시","청주시상당보건소","충북 청원군 남일면 효촌리 92-2","08:00 ~ 24:00","08:00 ~ 24:00","08:00 ~ 24:00","043-201-3143",36.5883,127.505
"2020년 09월 08일 13시","○","충북","청주시","청주한국병원","충청북도 청주시 상당구 단재로 106","08:30 ~ 17:00","08:30 ~ 12:30","미운영","043-222-7000",36.6197,127.496
"2020년 09월 08일 13시","○","충북","청주시","청주효성병원","충청북도 청주시 상당구 쇠내로 16","09:00 ~ 17:00","미운영","미운영","043-221-5000",36.6244,127.496
"2020년 09월 08일 13시","○","충북","청주시","청주시흥덕보건소","충북 청주시 흥덕구 비하동(강서제1동) 792 흥덕구 보건소 흥덕보건소","9:0 ~ 18:0","9:0 ~ 13:0","9:0 ~ 13:0","043-201-3342(3326)",36.6301,127.427
"2020년 09월 08일 13시","○","충북","청주시","한마음의료재단하나병원","충북 청주시 흥덕구 2순환로 1262","09:30 ~ 16:30","09:30 ~ 10:30","미운영","043-230-6191",36.6235,127.431
"2020년 09월 08일 13시","○","충북","청주시","베스티안병원","충청북도 흥덕구 오송읍 오송생명1로 191","09:00 ~ 18:00","09:00 ~ 18:00","09:00 ~ 18:00","043-904-8744",36.6364,127.318
"2020년 09월 08일 13시","○","충북","청주시","청주시서원보건소","충북 청주시 서원구 사직동(사직1동) 888 서원구청 지하1층 서원보건소","09:00 ~ 18:00","09:00 ~ 13:00","09:00 ~ 13:00","043-201-3242",36.6376,127.47
"2020년 09월 08일 13시","○","충북","청주시","충청북도 청주의료원","충북 청주시 서원구 흥덕로 48","00:00 ~ 24:00","00:00 ~ 24:00","00:00 ~ 24:00","043-279-0400",36.6404,127.473
"2020년 09월 08일 13시","○","충북","충주시","충주시보건소","충북 충주시 문화동 1655 충주시 건강복지타운 충주시 보건소","09:00 ~ 20:00","09:00 ~ 18:00","09:00 ~ 18:00","043-850-0460",36.9709,127.928
"2020년 09월 08일 13시","○","충북","충주시","건국대학교충주병원","충북 충주시 국원대로82","00:00 ~ 24:00","00:00 ~ 24:00","00:00 ~ 24:00","043-840-8330",36.979,127.929
"2020년 09월 08일 13시","○","충북","충주시","충주의료원","충북 충주시 안림로239-50","00:00 ~ 24:00","00:00 ~ 24:00","00:00 ~ 24:00","043-871-0118",36.9798,127.971
"2020년 09월 08일 13시","○","충북","청주시","청주시청원보건소","충청북도 청주시 청원구 오창읍 각리 639-1","09:00 ~ 18:00","09:00 ~ 13:00","09:00 ~ 13:00","043-201-3442",36.7101,127.431
"2020년 09월 08일 13시","○","충북","청주시","청주성모병원","청주시 청원구 주성로173-19","09:00 ~ 16:00","미운영","미운영","043-219-8119",36.6737,127.486
"2020년 09월 08일 13시","○","충남","계룡시","계룡시보건소","충남 계룡시 금암동 10-5 계룡시보건소","09:30 ~ 17:00","09:30 ~ 17:00","09:30 ~ 17:00","042-840-3507",36.2731,127.25
"2020년 09월 08일 13시","○","충남","공주시","공주시보건소","충남 공주시 교동 120 보건소","09:00 ~ 18:00","09:00 ~ 18:00","09:00 ~ 18:00","041-840-8600",36.4564,127.121
"2020년 09월 08일 13시","○","충남","공주시","공주의료원","충남 공주시 무령로 77","00:00 ~ 00:00","00:00 ~ 00:00","00:00 ~ 00:00","041-962-1111",36.459,127.109
"2020년 09월 08일 13시","○","충남","금산군","금산군보건소","충남 금산군 금산읍 중도리 203-1  금산군보건소","09:00 ~ 18:00","09:00 ~ 18:00","09:00 ~ 18:00","041-751-6157",36.1121,127.492
"2020년 09월 08일 13시","○","충남","논산시","논산시보건소","충남 논산시 관촉동(취암동) 327-2","09:00 ~ 18:00","09:0 ~ 18:00","09:00 ~ 18:00","041-746-8042",36.193,127.112
"2020년 09월 08일 13시","○","충남","논산시","의료법인백제병원","충남 논산시 시민로294번길 14","00:00 ~ 23:59","00:00 ~ 23:59","00:00 ~ 23:59","041-730-8882",36.1923,127.094
"2020년 09월 08일 13시","○","충남","당진시","당진시보건소","충청남도 당진시 채운동 1040","09:00 ~ 18:00","09:00 ~ 18:00","09:00 ~ 18:00","041-360-6004",36.8873,126.63
"2020년 09월 08일 13시","○","충남","당진시","당진종합병원","당진시 반촌로 5-15","00:00 ~ 00:00","00:00 ~ 00:00","00:00 ~ 00:00","070-7332-8248",36.9044,126.685
"2020년 09월 08일 13시","○","충남","보령시","보령시보건소","충남 보령시 남포면 봉덕리 39-1 ","09:00 ~ 18:00","09:00 ~ 18:00","09:00 ~ 18:00","041-930-0900",36.3243,126.602
"2020년 09월 08일 13시","○","충남","보령시","보령아산병원","보령시 죽성로 136","09:00 ~ 18:00","09:00 ~ 18:00","09:00 ~ 18:00","041-930-5333",36.3805,126.623
"2020년 09월 08일 13시","○","충남","부여군","부여군보건소","충청남도 부여군 부여읍 구아리 137-2","09:00 ~ 18:00","09:00 ~ 18:00","09:00 ~ 18:00","041-830-8600",36.283,126.91
"2020년 09월 08일 13시","○","충남","부여군","건양대학교 부여병원","부여군 부여읍 계백로 200","06:00 ~ 22:00","06:00 ~ 22:00","06:00 ~ 22:00","041-837-1200",36.2757,126.901
"2020년 09월 08일 13시","○","충남","부여군","성요셉연합의원","부여군 부여읍 사비로 78","08:00 ~ 17:00","08:00 ~ 12:00","미운영","041-835-7582",36.2795,126.911
"2020년 09월 08일 13시","○","충남","서산시","서산시보건소","충남 서산시 예천동(석남동) 496-1 서산시보건소","09:00 ~ 18:00","09:00 ~ 18:00","09:00 ~ 18:00","041-661-8100",36.7748,126.444
"2020년 09월 08일 13시","○","충남","서산시","충청남도서산의료원","충청남도 서산시 중앙로 149","09:00 ~ 12:00","미운영","미운영","041-689-7119",36.7754,126.465
"2020년 09월 08일 13시","○","충남","서천군","서천군보건소","충남 서천군 서천읍 군사리 799 서천군보건소","09:00 ~ 18:00","09:00 ~ 18:00","09:00 ~ 18:00","041-950-6940",36.0823,126.69
"2020년 09월 08일 13시","○","충남","서천군","서해병원","충남 서천군 서천읍 서천로 184","00:00 ~ 24:00","00:00 ~ 24:00","00:00 ~ 24:00","041-951-8282",36.0845,126.688
"2020년 09월 08일 13시","○","충남","아산시","아산시보건소","충남 아산시 번영로224번길 20","09:00 ~ 18:00","09:00 ~ 18:00","09:00 ~ 18:00","041-537-3311",36.7826,127.015
"2020년 09월 08일 13시","○","충남","아산시","아산충무병원","충남 아산시 문화로 381","00:00 ~ 24:00","00:00 ~ 24:00","00:00 ~ 24:00","041-536-6666",36.7792,127.02
"2020년 09월 08일 13시","○","충남","아산시","현대병원","충남 아산시 시민로 388","09:00 ~ 16:00","09:00 ~ 16:00","09:00 ~ 16:00","041-546-3636",36.7831,127.001
"2020년 09월 08일 13시","○","세종","세종특별자치시","세종특별자치시보건소","세종  조치원읍 교리 129-1 세종특별자치시보건소 16","09:30 ~ 18:00","09:30 ~ 18:00","09:30 ~ 18:00","044-301-2000",36.6056,127.296
"2020년 09월 08일 13시","○","세종","세종특별자치시","세종 충남대학교병원","세종특별자치시 보듬7로20 세종충남대학교병원","08:30 ~ 17:30","미운영","미운영","044-995-3400(~2)",36.3168,127.416
"2020년 09월 08일 13시","○","충남","예산군","예산군보건소","충남 예산군 예산읍 예산리 777 예산군청 예산군보건소","09:00 ~ 18:00","09:00 ~ 18:00","09:00 ~ 18:00","041-339-6062",36.6802,126.845
"2020년 09월 08일 13시","○","충남","예산군","예산종합병원","충남 예산군 예산읍 금오대로 94","00:00 ~ 24:00","00:00 ~ 24:00","00:00 ~ 24:00","041-330-4000",36.6911,126.838
"2020년 09월 08일 13시","○","충남","천안시","의료법인 영서의료재단 천안충무병원","충청남도 천안시 서북구 다가말3길 8","8:30 ~ 17:30","8:30 ~ 13:00","00:00 ~ 24:00","041-570-7519",36.7973,127.132
"2020년 09월 08일 13시","○","충남","천안시","학교법인동은학원 순천향대학교부속천안병원","충청남도 천안시 동남구 순천향6길 31","9:00 ~ 17:00","9:00 ~ 12:30","미운영","1577-7523",36.8028,127.135
"2020년 09월 08일 13시","○","충남","천안시","충청남도천안의료원","충청남도 천안시 동남구 충절로 537","10:00 ~ 16:00","10:00 ~ 16:00","10:00 ~ 16:00","041-570-7033",36.7914,127.168
"2020년 09월 08일 13시","○","충남","천안시","천안우리병원","충청남도 천안시 동남구 남부대로 350 (청당동)","14:00 ~ 17:00","미운영","미운영","041-590-9000",36.781,127.156
"2020년 09월 08일 13시","○","충남","천안시","천안시동남구보건소","충남 천안시 동남구 문화동 112-14","9:0 ~ 18:0","9:0 ~ 18:0","9:0 ~ 18:0","041-521-2661",36.8069,127.151
"2020년 09월 08일 13시","○","충남","홍성군","홍성군보건소","충남 홍성군 홍성읍 문화로 106","09:00 ~ 18:00","09:00 ~ 18:00","09:00 ~ 18:00","041-632-2588",36.5967,126.663
"2020년 09월 08일 13시","○","충남","홍성군","홍성의료원","충남 홍성군 홍성읍 조양로 224","08:30 ~ 17:30","미운영","미운영","041-630-6119",36.5988,126.674
"2020년 09월 08일 13시","○","충남","청양군","청양군보건의료원","충남 청양군 청양읍","24:00 ~ 24:00","24:00 ~ 24:00","24:00 ~ 24:00","041-942-3401",36.4535,126.807
"2020년 09월 08일 13시","○","충남","태안군","태안군보건의료원","충남 태안군 태안읍 평천리 698-6","00:01 ~ 24:00","00:01 ~ 24:00","00:01 ~ 24:00","041-671-5224",36.7519,126.323
"2020년 09월 08일 13시","○","전북","고창군","고창군보건소","전북 고창군 고창읍 율계리 101(전봉준로 90)","09:00 ~ 18:00","미운영","미운영","063-560-8716",35.4438,126.683
"2020년 09월 08일 13시","○","전북","고창군","고창병원","전북 고창군 고창읍 화신1길 9","00:00 ~ 24:00","00:00 ~ 24:00","00:00 ~ 24:00","063-560-5600",35.4364,126.694
"2020년 09월 08일 13시","○","전북","군산시","군산시보건소","전북 군산시 수송동 851-1","9:00 ~ 18:00","09:00 ~ 18:00","9:00 ~ 18:00","063-463-4000",35.9647,126.72
"2020년 09월 08일 13시","○","전북","군산시","군산의료원","전라북도 군산시 의료원로27","00:00 ~ 24:00","00:00 ~ 24:00","00:00 ~ 24:00","063-472-5119",35.9549,126.712
"2020년 09월 08일 13시","○","전북","군산시","동군산병원","전라북도 군산시 149","00:00 ~ 24:00","00:00 ~ 24:00","00:00 ~ 24:00","063-440-0516",35.9677,126.737
"2020년 09월 08일 13시","○","전북","김제시","김제시보건소","전북 김제시 요촌동 423-2","09:00 ~ 22:00","09:00 ~ 22:00","09:00 ~ 22:00","063-540-1300",35.8008,126.883
"2020년 09월 08일 13시","○","전북","남원시","남원시보건소","전북 남원시 조산동(금동) 455 남원시보건소","09:00 ~ 21:00","09:00 ~ 18:00","09:00 ~ 18:00","063-625-1339",35.3977,127.364
"2020년 09월 08일 13시","○","전북","남원시","남원의료원","남원시 충정로 365","24:00 ~ 24:00","24:00 ~ 24:00","24:00 ~ 24:00","063-620-1347",35.4326,127.408
"2020년 09월 08일 13시","○","전북","부안군","부안군보건소","전북 부안군 부안읍 봉덕리 551-2","09:00 ~ 18:00","09:00 ~ 18:00","09:00 ~ 18:00","063-580-3062",35.7229,126.736
"2020년 09월 08일 13시","○","전북","부안군","부안성모병원","전북 부안군 부안읍 오정2길 24","00:00 ~ 24:00","00:00 ~ 24:00","00:00 ~ 24:00","063-581-5100",35.7247,126.734
"2020년 09월 08일 13시","○","전북","완주군","완주군보건소","전북 완주군 삼례읍 삼봉8로 10-10 완주군보건소","09:00 ~ 20:00","09:00 ~ 18:00","09:00 ~ 18:00","063-290-3015",35.9212,127.093
"2020년 09월 08일 13시","○","전북","익산시","익산시보건소","전북 익산시 신동 142-8","08:00 ~ 22:00","08:00 ~ 22:00","08:00 ~ 22:00","063-859-4811",35.961,126.966
"2020년 09월 08일 13시","○","전북","익산시","익산병원","전북 익산시 무왕로 969","00:00 ~ 24:00","00:00 ~ 24:00","00:00 ~ 24:00","063-840-9112",35.9593,126.967
"2020년 09월 08일 13시","○","전북","전주시","전주시 보건소","전북 전주시 완산구 중앙동4가 30-1(전라감영로 33)","9:00 ~ 22:00","9:00 ~ 18:00","9:00 ~ 18:00","063-281-6341",35.8156,127.143
"2020년 09월 08일 13시","○","전북","전주시","대자인병원","전주시 덕진구 견훤로 390","9:00 ~ 17:00","미운영","미운영","063-220-2000",35.846,127.153
"2020년 09월 08일 13시","○","전북","전주시","전주병원","전주시 완산구 한두평3길 13","8:30 ~ 17:30","미운영","미운영","063-220-7280",35.8153,127.125
"2020년 09월 08일 13시","○","전북","전주시","호성전주병원","전주시 덕진구 동부대로 895","9:00 ~ 17:00","미운영","미운영","063-240-8894",35.8488,127.146
"2020년 09월 08일 13시","○","전북","전주시","예수병원","전주시 완산구 서원로 365","9:00 ~ 17:00","미운영","미운영","063-230-8282",35.8141,127.133
"2020년 09월 08일 13시","○","전북","정읍시","정읍시보건소","전북 정읍시 수성동 958-2","08:00 ~ 18:00","09:00 ~ 18:00","09:00 ~ 18:00","063-539-6112",35.5781,126.855
"2020년 09월 08일 13시","○","전북","정읍시","정읍아산병원","전북 정읍시 충정로 606-22","00:00 ~ 24:00","00:00 ~ 24:00","00:00 ~ 24:00","063-530-6230",35.5889,126.824
"2020년 09월 08일 13시","○","전북","진안군","진안군보건소","전북 진안군 진안읍 군상리 90-15 진안보건소 진안군보건소","08:30 ~ 18:00","미운영","미운영","063-430-8523",35.7956,127.434
"2020년 09월 08일 13시","○","전북","진안군","진안군의료원","진안군 진안읍 진무로 1145","00:00 ~ 12:00","00:00 ~ 12:00","00:00 ~ 12:00","063-430-7119",35.7948,127.432
"2020년 09월 08일 13시","○","전북","무주군","무주군보건의료원","전북 무주군 무주읍 당산리 701","24:00 ~ 24:00","24:00 ~ 24:00","24:00 ~ 24:00","063-320-8330",36.0059,127.672
"2020년 09월 08일 13시","○","전북","순창군","순창군보건의료원","전북 순창군 순창읍 교성리 419-1","09:00 ~ 24:00","09:00 ~ 24:00","09:00 ~ 24:00","063-650-5352",35.3665,127.144
"2020년 09월 08일 13시","○","전북","임실군","임실군보건의료원","전북 임실군 임실읍 이도리 270-8 임실군 보건의료원 (270-8번지)","09:00 ~ 20:00","09:00 ~ 18:00","09:00 ~ 18:00","063-640-3119",35.6124,127.287
"2020년 09월 08일 13시","○","전북","장수군","장수군보건의료원","전북 장수군 장수읍 장수리 425 장수보건의료원","00:00 ~ 24:00","00:00 ~ 24:00","00:00 ~ 24:00","063-350-2662",35.6546,127.52
"2020년 09월 08일 13시","○","전남","강진군","강진군보건소","전남 강진군 강진읍 목리 11","09:00 ~ 21:00","09:00 ~ 18:00","09:00 ~ 18:00","061-430-3553",34.6361,126.781
"2020년 09월 08일 13시","○","전남","강진군","강진의료원","전남 강진군 강진읍 탐진로 5","00:00 ~ 24:00","00:00 ~ 24:00","00:00 ~ 24:00","061-433-2167",34.6373,126.757
"2020년 09월 08일 13시","○","전남","고흥군","고흥군보건소","전라남도 고흥군 고흥읍 등암리 1258-21번지","09:00 ~ 18:00","09:00 ~ 18:00","09:00 ~ 18:00","061-830-6688",34.5922,127.269
"2020년 09월 08일 13시","○","전남","고흥군","고흥종합병원","전남 고흥군 고흥읍 고흥로 1935","00:00 ~ 24:00","00:00 ~ 24:00","00:00 ~ 24:00","061-830-3119",34.621,127.294
"2020년 09월 08일 13시","○","전남","고흥군","녹동현대병원","전남 고흥군 도양읍 차경구렁목길 215","00:00 ~ 24:00","00:00 ~ 24:00","00:00 ~ 24:00","061-840-1119",34.5465,127.146
"2020년 09월 08일 13시","○","전남","광양시","광양시보건소","전남 광양시 광양읍 칠성리 70 광양만권경제자유구역청_광양시제2청사","09:00 ~ 18:00","09:00 ~ 18:00","09:00 ~ 18:00","061-797-4015",34.9808,127.583
"2020년 09월 08일 13시","○","전남","광양시","광양사랑병원","전라남도 광양시 공영로 71","09:00 ~ 11:30","09:00 ~ 11:30","미운영","061-797-7119",34.9362,127.697
"2020년 09월 08일 13시","○","전남","나주시","나주시보건소","전남 나주시 이창동 740-1","9:00 ~ 18:00","9:00 ~ 18:00","9:00 ~ 18:00","061-339-2164",34.9952,126.708
"2020년 09월 08일 13시","X","전남","나주시","나주종합병원","전남 나주시 영산로 5419","00:00 ~ 24:00","00:00 ~ 24:00","00:00 ~ 24:00","061-330-6112",35.0365,126.721
"2020년 09월 08일 13시","○","전남","담양군","담양군보건소","전남 담양군 담양읍 만성리 135","09:00 ~ 18:00","09:00 ~ 18:00","09:00 ~ 18:00","061-380-3967",35.325,126.981
"2020년 09월 08일 13시","○","전남","담양군","담양 사랑병원","담양군 담양읍 천변7길 19","00:00 ~ 24:00","00:00 ~ 24:00","00:00 ~ 24:00","061-380-9119",35.3153,126.983
"2020년 09월 08일 13시","○","전남","목포시","목포시보건소","전남 목포시 산정동 1676","09:00 ~ 18:00","09:00 ~ 18:00","09:00 ~ 18:00","061-277-4000",34.8043,126.374
"2020년 09월 08일 13시","○","전남","목포시","목포한국병원","전남 목포시 영산로 483","00:00 ~ 24:00","00:00 ~ 24:00","00:00 ~ 24:00","061-270-5900",34.8092,126.416
"2020년 09월 08일 13시","○","전남","목포시","목포기독병원","전남 목포시 백년대로 303","00:00 ~ 24:00","00:00 ~ 24:00","00:00 ~ 24:00","061-260-7211",34.8044,126.421
"2020년 09월 08일 13시","○","전남","목포시","목포중앙병원","전남 목포시 영산로 627","00:00 ~ 24:00","00:00 ~ 24:00","00:00 ~ 24:00","061-280-3167",34.8213,126.422
"2020년 09월 08일 13시","○","전남","목포시","목포시의료원","전남 목포시 이로로 18","00:00 ~ 24:00","00:00 ~ 24:00","00:00 ~ 24:00","061-260-6342",34.8041,126.405
"2020년 09월 08일 13시","○","전남","목포시","세안종합병원","전남 목포시 고하대로 795-2","00:00 ~ 24:00","00:00 ~ 24:00","00:00 ~ 24:00","061-260-6666",34.817,126.38
"2020년 09월 08일 13시","○","전남","목포시","전남중앙병원","전남 목포시 고하대로 724","00:00 ~ 24:00","00:00 ~ 24:00","00:00 ~ 24:00","061-260-3555",34.8105,126.376
"2020년 09월 08일 13시","○","전남","무안군","무안군보건소","전남 무안군 무안읍 성동리 712-1","09:00 ~ 18:00","09:00 ~ 18:00","09:00 ~ 18:00","061-450-5021",34.9903,126.482
"2020년 09월 08일 13시","○","전남","무안군","대송의료재단 무안병원","전남 무안군 무안읍 몽탄로 65","00:00 ~ 24:00","00:00 ~ 24:00","00:00 ~ 24:00","061-450-3119",34.9914,126.489
"2020년 09월 08일 13시","○","전남","보성군","보성군보건소","전남 보성군 보성읍 보성리 827","08:30 ~ 18:00","09:00 ~ 18:00","09:00 ~ 18:00","061-850-8816",34.77,127.08
"2020년 09월 08일 13시","○","전남","보성군","보성아산병원","전라남도 보성군 미력면 가평길 36-17","00:00 ~ 24:00","00:00 ~ 24:00","00:00 ~ 24:00","061-850-3606",34.7755,127.105
"2020년 09월 08일 13시","○","전남","보성군","벌교삼호병원","보성군 벌교읍 남하로 12","08:00 ~ 22:00","08:00 ~ 22:00","08:00 ~ 22:00","061-859-5051",34.8337,127.346
"2020년 09월 08일 13시","○","전남","순천시","순천시보건소","전남 순천시 석현동 36-1","09:00 ~ 18:00","09:00 ~ 18:00","09:00 ~ 18:00","061-749-6680",34.9665,127.485
"2020년 09월 08일 13시","○","전남","순천시","순천 성가롤로병원","전라남도 순천시 순광로 221","08:30 ~ 11:30","08:30 ~ 11:30","08:30 ~ 11:30","061-720-2061",34.9643,127.543
"2020년 09월 08일 13시","○","전남","순천시","순천의료원","전라남도 순천시 서문성터길 2","00:00 ~ 24:00","00:00 ~ 24:00","00:00 ~ 24:00","061-759-9139",34.9581,127.483
"2020년 09월 08일 13시","○","전남","순천시","순천병원","전라남도 순천시 조례1길 24(조례동)","09:00 ~ 17:30","00:00 ~ 24:00","00:00 ~ 24:00","061-720-7126",34.9609,127.525
"2020년 09월 08일 13시","○","전남","신안군","신안군보건소","전남 신안군 압해읍 신장리 462-10","09:00 ~ 18:00","09:00 ~ 18:00","09:00 ~ 18:00","061-240-8084",34.8334,126.351
"2020년 09월 08일 13시","X","전남","신안군","의료법인신안대우의료재단 대우병원","전라남도 신안군 비금면 송치길 155-11","08:00 ~ 17:00","08:00 ~ 17:00","08:00 ~ 17:00","061-262-3301",34.7224,125.933
"2020년 09월 08일 13시","○","전남","여수시","여수시보건소","전남 여수시 시청서4길 47(학동_여수시보건소)","09:00 ~ 18:00","09:00 ~ 18:00","09:00 ~ 18:00","061-659-4248",34.7594,127.661
"2020년 09월 08일 13시","○","전남","여수시","여천전남병원","전남  여수시 무선로 95","09:00 ~ 17:00","09:00 ~ 13:00","미운영","061-690-6118(~9)",34.769,127.654
"2020년 09월 08일 13시","○","전남","여수시","여수전남병원","전남 여수시 좌수영로 49(광무동_전남병원)","09:00 ~ 17:00","09:00 ~ 13:00","미운영","061-640-7118",34.7447,127.728
"2020년 09월 08일 13시","○","전남","여수시","여수한국병원","여수시 여천체육공원길 10","09:00 ~ 17:30","09:00 ~ 12:30","미운영","061-689-9119",34.7613,127.675
"2020년 09월 08일 13시","○","전남","여수시","여수제일병원","여수시 쌍봉로 70","09:00 ~ 18:00","09:00 ~ 13:00","미운영","061-689-8119",34.766,127.664
"2020년 09월 08일 13시","○","전남","영광군","영광군보건소","전라남도 영광군 영광읍 남천리 326-5","09:00 ~ 18:00","09:00 ~ 18:00","09:00 ~ 18:00","061-350-5552",35.2744,126.504
"2020년 09월 08일 13시","○","전남","영광군","영광종합병원","전남 영광군 영광읍 와룡로 3","00:00 ~ 00:00","00:00 ~ 00:00","00:00 ~ 00:00","061-350-8129",35.2844,126.499
"2020년 09월 08일 13시","○","전남","영광군","영광기독병원","전남 영광군 영광읍 신남로 265","00:00 ~ 00:00","00:00 ~ 00:00","00:00 ~ 00:00","061-350-3119",35.275,126.511
"2020년 09월 08일 13시","○","전남","영암군","영암군보건소","전남 영암군 영암읍 춘양리 525 영암군보건소","00:00 ~ 23:59","00:00 ~ 23:59","00:00 ~ 23:59","061-470-6536",34.7955,126.704
"2020년 09월 08일 13시","○","전남","장흥군","장흥군보건소","전남 장흥군 장흥읍 흥성로 49","09:00 ~ 20:00","09:00 ~ 20:00","09:00 ~ 20:00","061-860-6481",34.6765,126.908
"2020년 09월 08일 13시","○","전남","장흥군","장흥종합병원","장흥군 장흥읍 흥성로 92","00:00 ~ 24:00","00:00 ~ 24:00","00:00 ~ 24:00","061-862-8300",34.6784,126.913
"2020년 09월 08일 13시","○","전남","진도군","진도군보건소","전남 진도군 진도읍 남동리 776-26번지","00:00 ~ 24:00","00:00 ~ 24:00","00:00 ~ 24:00","061-540-6074",34.4803,126.263
"2020년 09월 08일 13시","X","전남","진도군","진도한국병원","전라남도 진도군 남문길 48","00:00 ~ 24:00","00:00 ~ 24:00","00:00 ~ 24:00","061-542-7575",34.4824,126.264
"2020년 09월 08일 13시","○","전남","함평군","함평군보건소","전남 함평군 함평읍 기각리 253","09:00 ~ 18:00","09:00 ~ 18:00","09:00 ~ 18:00","061-320-2417",35.0621,126.524
"2020년 09월 08일 13시","○","전남","함평군","함평성심병원","전남 함평군 함평읍 영수길 132","00:00 ~ 24:00","00:00 ~ 24:00","00:00 ~ 24:00","061-324-0001",35.0622,126.52
"2020년 09월 08일 13시","○","전남","해남군","해남군보건소","전라남도 해남군 해남읍 해리 186","09:00 ~ 18:00","09:00 ~ 18:00","09:00 ~ 18:00","061-531-3745",34.5706,126.612
"2020년 09월 08일 13시","○","전남","해남군","해남종합병원","전라남도 해남군 해남읍 해남로 45","00:00 ~ 24:00","00:00 ~ 24:00","00:00 ~ 24:00","061-530-0119",34.5716,126.613
"2020년 09월 08일 13시","○","전남","해남군","해남우리종합병원","전라남도 해남군 옥천면 해남로 597","00:00 ~ 24:00","00:00 ~ 24:00","00:00 ~ 24:00","061-530-7119",34.5845,126.647
"2020년 09월 08일 13시","○","전남","화순군","화순군보건소","전남 화순군 화순읍 삼천리 719번지","09:00 ~ 18:00","09:00 ~ 18:00","09:00 ~ 18:00","061-379-5341",35.0573,126.982
"2020년 09월 08일 13시","○","전남","화순군","전남화순대학교병원","전남 화순군 화순읍 서양로 322","00:00 ~ 24:00","00:00 ~ 24:00","00:00 ~ 24:00","061-379-8884",35.0602,127.002
"2020년 09월 08일 13시","○","전남","화순군","화순성심병원","전남 화순군 화순읍 만연로 31","09:00 ~ 18:00","미운영","미운영","061-370-9114",35.0584,126.99
"2020년 09월 08일 13시","○","전남","곡성군","곡성군보건의료원","전라남도 곡성군 곡성읍 읍내리 220","09:00 ~ 18:00","09:00 ~ 18:00","09:00 ~ 18:00","061-360-7681",35.2791,127.297
"2020년 09월 08일 13시","○","전남","곡성군","곡성사랑병원","전남 곡성군 곡성읍 곡성로 761","00:00 ~ 24:00","00:00 ~ 24:00","00:00 ~ 24:00","061-360-6008",35.2763,127.288
"2020년 09월 08일 13시","○","전남","구례군","구례군보건의료원","전남 구례군 구례읍 동편제길 30","09:00 ~ 20:00","09:00 ~ 18:00","09:00 ~ 18:00","061-780-2673",35.2159,127.461
"2020년 09월 08일 13시","○","전남","구례군","구례병원","구례군 구례읍 동편제길 4","09:00 ~ 09:00","09:00 ~ 09:00","09:00 ~ 09:00","061-780-3231",35.216,127.463
"2020년 09월 08일 13시","○","전남","완도군","완도군보건의료원","전남 완도군 완도읍 죽청리 483-8 완도보건의료원 본관","09:00 ~ 18:00","09:00 ~ 18:00","09:00 ~ 18:00","061-550-6767",34.3363,126.731
"2020년 09월 08일 13시","○","전남","완도군","대성병원","완도군읍 청해진동로 63","0:0 ~ 24:0","0:0 ~ 24:0","0:0 ~ 24:0","061-553-4567",34.3171,126.736
"2020년 09월 08일 13시","○","전남","장성군","장성군보건소","전남 장성군 장성읍 영천리 1475-4","09:00 ~ 18:00","09:00 ~ 18:00","09:00 ~ 18:00","061-390-8308",35.3045,126.783
"2020년 09월 08일 13시","○","전남","장성군","장성병원","전남 장성군 장성읍 역전로 171","00:00 ~ 24:00","00:00 ~ 24:00","00:00 ~ 24:00","061-390-9000",35.3058,126.784
"2020년 09월 08일 13시","○","경북","경산시","경산시보건소","경상북도 경산시 중방동 708-5 (경산시보건소)","09:00 ~ 18:00","09:00 ~ 18:00","09:00 ~ 18:00","053-810-6314",35.825,128.743
"2020년 09월 08일 13시","○","경북","경산시","경산중앙병원","경북 경산시 경안로 11","09:00 ~ 18:00","09:00 ~ 12:30","미운영","053-715-0119",35.8091,128.74
"2020년 09월 08일 13시","○","경북","경산시","세명병원","경북 경산시 경안로 208","09:00 ~ 17:30","09:00 ~ 13:00","미운영","053-819-8500",35.8261,128.737
"2020년 09월 08일 13시","○","경북","경주시","경주시보건소","경북 경주시 동천동 987","09:00 ~ 17:00","10:00 ~ 17:00","10:00 ~ 17:00","054-760-2080",35.8595,129.225
"2020년 09월 08일 13시","○","경북","고령군","고령군보건소","경북 고령군 대가야읍 지산리 232-8 고령군보건소","09:00 ~ 18:00","09:00 ~ 18:00","09:00 ~ 18:00","054-954-1300",35.7252,128.265
"2020년 09월 08일 13시","○","경북","고령군","고령영생병원","경북 고령군 대가야읍 중앙로33","00:00 ~ 24:00","00:00 ~ 24:00","00:00 ~ 24:00","054-955-2661",35.7301,128.272
"2020년 09월 08일 13시","○","경북","구미시","구미보건소","경북 구미시 지산동 853-12","09:00 ~ 16:00","09:00 ~ 16:00","09:00 ~ 16:00","054-480-4958",36.1399,128.346
"2020년 09월 08일 13시","○","경북","구미시","순천향대학교구미병원","경상북도 구미시 1공단로 179","09:00 ~ 16:00","09:30 ~ 11:30","미운영","054-468-9119",36.1031,128.383
"2020년 09월 08일 13시","○","경북","구미시","구미차병원","경상북도 구미시 신시로10길 12","09:30 ~ 16:30","미운영","미운영","054-450-9997",36.1148,128.341
"2020년 09월 08일 13시","○","경북","군위군","군위군보건소","경북 군위군 군위읍 군청로 70 군위군보건소","09:30 ~ 17:30","09:30 ~ 17:30","09:30 ~ 17:30","054-380-7447",36.2297,128.57
"2020년 09월 08일 13시","○","경북","김천시","김천시보건소","경북 김천시 신음동 1284","09:00 ~ 17:00","09:00 ~ 17:00","09:00 ~ 17:00","054-433-4000",36.1398,128.114
"2020년 09월 08일 13시","○","경북","김천시","김천제일병원","경북 김천시 신음1길 12","09:00 ~ 18:00","09:00 ~ 13:00","미운영","054-420-9300",36.1353,128.119
"2020년 09월 08일 13시","○","경북","김천시","김천의료원","경북 김천시 모암길 24","10:00 ~ 16:00","10:00 ~ 12:00","미운영","054-429-8114",36.1226,128.126
"2020년 09월 08일 13시","○","경북","문경시","문경시보건소","경북 문경시 점촌동(점촌1동) 232 문경시보건소","09:00 ~ 18:00","미운영","미운영","054-550-8208",36.5962,128.198
"2020년 09월 08일 13시","○","경북","문경시","문경제일병원","경북 문경시 당교3길 25","00:00 ~ 24:00","00:00 ~ 24:00","00:00 ~ 24:00","054-550-7700",36.5843,128.189
"2020년 09월 08일 13시","○","경북","문경시","문경중앙병원","경북 문경시 중앙로 117-18","00:00 ~ 24:00","00:00 ~ 24:00","00:00 ~ 24:00","054-550-2011",36.596,128.199
"2020년 09월 08일 13시","○","경북","봉화군","봉화군보건소","경북 봉화군 봉화읍 내성리 285 봉화군보건소","09:00 ~ 18:00","09:00 ~ 18:00","09:00 ~ 18:00","054-673-4000",36.8905,128.742
"2020년 09월 08일 13시","○","경북","봉화군","봉화해성병원","봉화군 보밑길3 봉화해성병원","12:00 ~ 12:00","12:00 ~ 12:00","12:00 ~ 12:00","054-674-0011",36.8916,128.733
"2020년 09월 08일 13시","○","경북","상주시","상주시보건소","경북 상주시 무양동 33-4","09:00 ~ 18:00","09:00 ~ 18:00","09:00 ~ 18:00","054-535-4000",36.4167,128.15
"2020년 09월 08일 13시","○","경북","상주시","상주적십자병원","경북 상주시 상서문로 53","00:00 ~ 24:00","00:00 ~ 24:00","00:00 ~ 24:00","054-534-3501",36.4145,128.155
"2020년 09월 08일 13시","○","경북","상주시","상주성모병원","경북 상주시 냉림서성길","00:00 ~ 24:00","00:00 ~ 24:00","00:00 ~ 24:00","054-530-7123",36.4201,128.161
"2020년 09월 08일 13시","○","경북","구미시","구미시선산보건소","경북 구미시 선산읍 동부리 544-1","09:00 ~ 16:00","미운영","미운영","054-480-4130",36.2442,128.3
"2020년 09월 08일 13시","○","경북","성주군","성주군보건소","경상북도 성주군 성주읍 경산리 436-1","09:00 ~ 18:00","10:00 ~ 18:00","10:00 ~ 18:00","054-930-8122",35.9171,128.279
"2020년 09월 08일 13시","○","경북","안동시","안동시보건소","경북 안동시 북문동(중구동) 58 안동시보건소","09:00 ~ 18:00","09:00 ~ 18:00","09:00 ~ 18:00","054-840-5999(5917)",36.567,128.73
"2020년 09월 08일 13시","○","경북","안동시","안동병원","경북 안동시 앙실로 11 (수상동)","09:00 ~ 17:00","09:00 ~ 12:30","미운영","054-840-0119",36.5471,128.701
"2020년 09월 08일 13시","○","경북","안동시","안동성소병원","경북 안동시 서동문로 99","00:00 ~ 24:00","00:00 ~ 24:00","00:00 ~ 24:00","054-850-8114",36.5674,128.723
"2020년 09월 08일 13시","○","경북","안동시","경상북도안동의료원","경상북도 안동시 태사2길 55","09:00 ~ 16:30","09:00 ~ 11:30","미운영","054-850-6100",36.5681,128.732
"2020년 09월 08일 13시","○","경북","영덕군","영덕군보건소","경북 영덕군 영덕읍 군청길 53","미운영","09:00 ~ 17:00","09:00 ~ 17:00","054-730-6894",36.4144,129.369
"2020년 09월 08일 13시","○","경북","영덕군","영덕아산병원","영덕읍  영덕로 1621","09:00 ~ 17:00","미운영","미운영","054-730-0119",36.4205,129.379
"2020년 09월 08일 13시","○","경북","영양군","영양군보건소","경상북도 영양군 영양읍 동부리 동서대로 82번지","08:00 ~ 18:00","미운영","미운영","054-680-5196",36.6621,129.118
"2020년 09월 08일 13시","○","경북","영주시","영주시보건소","경북 영주시 휴천동(휴천2동) 466-6 영주시보건소","09:00 ~ 19:00","09:00 ~ 18:00","09:00 ~ 18:00","054-631-4000",36.8061,128.622
"2020년 09월 08일 13시","○","경북","영주시","영주적십자병원","영주시 대학로 327","00:00 ~ 24:00","미운영","미운영","054-630-0100",36.8112,128.613
"2020년 09월 08일 13시","○","경북","영천시","영천시보건소","경북 영천시 문내동 152-1","09:00 ~ 18:00","09:00 ~ 18:00","09:00 ~ 18:00","054-339-7979",35.9685,128.933
"2020년 09월 08일 13시","○","경북","영천시","영남대학교 영천병원","영천시 오수1길 10","00:00 ~ 24:00","00:00 ~ 24:00","00:00 ~ 24:00","054-330-7575",35.9572,128.913
"2020년 09월 08일 13시","○","경북","예천군","예천군보건소","경북 예천군 예천읍 노상리 125-1 예천군보건소 보건소","09:00 ~ 18:00","09:00 ~ 18:00","09:00 ~ 18:00","054-650-8042",36.6577,128.453
"2020년 09월 08일 13시","○","경북","예천군","예천권병원","예천읍 시장로 136","00:00 ~ 24:00","00:00 ~ 24:00","00:00 ~ 24:00","054-654-6611",36.6573,128.459
"2020년 09월 08일 13시","○","경북","의성군","의성군보건소","경북 의성군 의성읍 도서리 104-1","09:00 ~ 09:00","09:00 ~ 18:00","09:00 ~ 18:00","054-830-6660",36.3458,128.697
"2020년 09월 08일 13시","○","경북","의성군","공생병원","의성군 의성읍 문소3길 96","09:00 ~ 18:00","미운영","미운영","054-834-3881",36.3543,128.695
"2020년 09월 08일 13시","○","경북","청도군","청도군보건소","화양읍 산성강변길 472","09:00 ~ 18:00","09:00 ~ 18:00","09:00 ~ 18:00","054-370-2696",35.6585,128.723
"2020년 09월 08일 13시","○","경북","칠곡군","칠곡군보건소","경북 칠곡군 왜관읍 석전2리 262-1","09:00 ~ 18:00","09:00 ~ 18:00","09:00 ~ 18:00","054-979-8223",36.045,128.389
"2020년 09월 08일 13시","○","경북","남구","포항시남구보건소","경북 포항시 남구 인덕동(제철동) 161-1 남구보건소","09:00 ~ 18:00","09:00 ~ 18:00","09:00 ~ 18:00","054-270-4004",35.9924,129.396
"2020년 09월 08일 13시","○","경북","포항시","세명기독병원","경상북도 포항시 남구 대도동 94-8","08:30 ~ 17:30","08:30 ~ 12:30","미운영","054-275-0005",36.0177,129.362
"2020년 09월 08일 13시","○","경북","포항시","포항성모병원","경상북도 포항시 남구 대잠동길 17","09:00 ~ 16:30","09:00 ~ 11:30","미운영","054-260-8019",36.0148,129.339
"2020년 09월 08일 13시","○","경북","포항시","포항시북구보건소","경북 포항시 북구 장성동 1363","09:00 ~ 18:00","09:00 ~ 18:00","09:00 ~ 18:00","054-270-4114",36.0707,129.38
"2020년 09월 08일 13시","○","경북","포항시","포항의료원","경북 포항시 북구 용흥로 36","10:00 ~ 16:00","11:00 ~ 12:00","미운영","054-247-0551",36.0351,129.354
"2020년 09월 08일 13시","○","경북","울릉군","울릉군보건의료원","경북 울릉군 울릉읍 울릉순환로 396-18","09:00 ~ 17:50","미운영","미운영","054-790-6871",37.4899,130.899
"2020년 09월 08일 13시","○","경북","울진군","울진군보건소","경북 울진군 울진읍 현내항길 71","08:30 ~ 17:30","08:30 ~ 17:30","08:30 ~ 17:30","054-783-1250",36.9927,129.41
"2020년 09월 08일 13시","○","경북","청송군","청송군보건의료원","경북 청송군 청송읍 금곡리 1056-54 청송보건의료원","00:00 ~ 24:00","00:00 ~ 24:00","00:00 ~ 24:00","054-870-7100",36.431,129.053
"2020년 09월 08일 13시","○","경북","청송군","경북북부제2교도소 부속의원","경북 청송군 진보면 양정길 110","00:00 ~ 24:00","00:00 ~ 24:00","00:00 ~ 24:00","054-870-2575",36.5295,129.047
"2020년 09월 08일 13시","○","경남","거제시","거제시보건소","경상남도 거제시 양정동 981","00:00 ~ 00:00","00:00 ~ 00:00","00:00 ~ 00:00","055-639-6000",34.8917,128.637
"2020년 09월 08일 13시","○","경남","거제시","거붕백병원","경남거제시 계룡로5길 14","00:00 ~ 24:00","00:00 ~ 24:00","00:00 ~ 24:00","055-733-0119",34.8726,128.627
"2020년 09월 08일 13시","○","경남","거제시","대우병원","경남거제시 두모길16","00:00 ~ 24:00","00:00 ~ 24:00","00:00 ~ 24:00","055-680-8119",34.8722,128.722
"2020년 09월 08일 13시","○","경남","거제시","맑은샘병원","경남거제시 연초면 거제대로 4477","08:30 ~ 17:30","08:30 ~ 12:30","미운영","055-736-1004",34.8978,128.644
"2020년 09월 08일 13시","○","경남","거창군","거창군보건소","경남 거창군 거창읍 송정리 332-3 보건소","09:00 ~ 22:00","09:00 ~ 22:00","09:00 ~ 22:00","055-940-8335",35.6823,127.91
"2020년 09월 08일 13시","○","경남","거창군","거창적십자병원","경남 거창군 거창읍 중앙로91 거창적십자병원","00:00 ~ 24:00","00:00 ~ 24:00","00:00 ~ 24:00","055-944-3251",35.6865,127.909
"2020년 09월 08일 13시","○","경남","고성군","고성군보건소","경남 고성군 고성읍 대독리 4 고성군보건소","08:00 ~ 20:00","08:00 ~ 20:00","08:00 ~ 20:00","055-670-4013",34.9695,128.315
"2020년 09월 08일 13시","○","경남","김해시","김해시보건소","경남 김해시 외동(내외동) 1261-3 김해시 보건소","09:00 ~ 18:00","09:00 ~ 18:00","09:00 ~ 18:00","055-330-4481",35.2322,128.871
"2020년 09월 08일 13시","○","경남","김해시","김해중앙병원","경상남도 김해시 분성로 94-8 (외동)","08:30 ~ 17:30","08:30 ~ 12:30","미운영","055-330-6007",35.2294,128.87
"2020년 09월 08일 13시","○","경남","김해시","갑을장유병원","경상남도 김해시 장유로 167-13 (부곡동)","09:00 ~ 17:30","09:00 ~ 12:30","11:00 ~ 18:00","055-310-6114",35.2087,128.806
"2020년 09월 08일 13시","○","경남","김해시","조은금강병원","경상남도 김해시 김해대로 1814-37 (삼계동)","09:00 ~ 18:00","09:00 ~ 12:00","미운영","055-330-0392",35.2623,128.862
"2020년 09월 08일 13시","○","경남","남해군","남해군보건소","경남 남해군 남해읍 북변리 458-1","09:00 ~ 22:00","09:00 ~ 18:00","09:00 ~ 18:00","055-860-8740",34.8447,127.899
"2020년 09월 08일 13시","○","경남","남해군","이도의료재단 남해병원","경상남도 남해군 남해읍 화전로 169","09:00 ~ 24:00","09:00 ~ 24:00","09:00 ~ 24:00","055-863-2201",34.8462,127.894
"2020년 09월 08일 13시","○","경남","창원시","창원시 마산보건소","경남 창원시 마산합포구 해운동 61-1","09:00 ~ 18:00","09:00 ~ 18:00","09:00 ~ 18:00","055-225-5941",35.1824,128.563
"2020년 09월 08일 13시","○","경남","창원시","삼성창원병원","창원시 마산회원구 팔용로 158","09:00 ~ 17:00","미운영","미운영","055-233-6121",35.243,128.592
"2020년 09월 08일 13시","○","경남","창원시","경상남도마산의료원","창원시 마산합포구 3.15대로 231","08:30 ~ 17:30","미운영","미운영","055-249-1116",35.1969,128.568
"2020년 09월 08일 13시","○","경남","창원시","SMG연세병원","창원시 마산합포구 3.15대로 76","09:00 ~ 17:30","09:00 ~ 12:30","미운영","055-240-7777",35.1863,128.562
"2020년 09월 08일 13시","○","경남","밀양시","밀양시보건소","경남 밀양시 삼문동 159-1 (삼문중앙로41)","09:00 ~ 18:00","09:00 ~ 18:00","09:00 ~ 18:00","055-359-7015",35.4835,128.753
"2020년 09월 08일 13시","○","경남","밀양시","밀양윤병원","경남 밀양시 삼문중앙로 32","00:00 ~ 24:00","00:00 ~ 24:00","00:00 ~ 24:00","055-354-2200",35.4847,128.756
"2020년 09월 08일 13시","○","경남","사천시","사천시보건소","경남 사천시 용현면 덕곡리 사천시청 501번지","09:00 ~ 22:30","09:00 ~ 22:30","09:00 ~ 22:30","055-831-3620",35.0037,128.064
"2020년 09월 08일 13시","○","경남","사천시","의료법인승연의료재단 삼천포서울병원","경남 사천시 남일로 33(동금동)","00:00 ~ 24:00","00:00 ~ 24:00","00:00 ~ 24:00","055-830-9009",34.9329,128.081
"2020년 09월 08일 13시","○","경남","사천시","삼천포제일병원","경남 사천시 중앙로136","00:00 ~ 24:00","00:00 ~ 24:00","00:00 ~ 24:00","055-830-2965",34.9372,128.079
"2020년 09월 08일 13시","○","경남","양산시","양산시보건소","경남 양산시 중부동 707-2(삽량로 169)","09:00 ~ 18:00","11:00 ~ 15:00","11:00 ~ 15:00","055-392-5220",35.3358,129.025
"2020년 09월 08일 13시","○","경남","양산시","베데스다병원","신기로 28","09:00 ~ 17:00","09:00 ~ 13:00","미운영","055-384-9901",35.3532,129.044
"2020년 09월 08일 13시","○","경남","양산시","양산부산대학교병원","금오로 20","09:00 ~ 17:00","미운영","미운영","055-360-3366",35.3261,129.005
"2020년 09월 08일 13시","X","경남","양산시","웅상중앙병원","서창로 59","09:00 ~ 17:30","09:00 ~ 13:00","미운영","055-912-0119",35.4064,129.165
"2020년 09월 08일 13시","○","경남","의령군","의령군보건소","경상남도 의령군 의령읍 서동리 534","09:00 ~ 22:00","09:00 ~ 18:00","09:00 ~ 18:00","055-570-4040",35.3176,128.255
"2020년 09월 08일 13시","○","경남","의령군","의령병원","경남 의령군 의령읍 의병로14길 10","00:00 ~ 24:00","00:00 ~ 24:00","00:00 ~ 24:00","055-573-4100",35.3185,128.259
"2020년 09월 08일 13시","○","경남","진주시","진주시보건소","경남 진주시 초전동(초장동) 348-2 1층 진주시보건소","00:00 ~ 24:00","00:00 ~ 24:00","00:00 ~ 24:00","055-749-5714",35.2147,128.123
"2020년 09월 08일 13시","○","경남","진주시","제일병원","진주대로885","00:00 ~ 24:00","00:00 ~ 24:00","미운영","055-756-2900",35.1794,128.09
"2020년 09월 08일 13시","○","경남","진주시","고려병원","진주시 동진로2","00:00 ~ 24:00","00:00 ~ 24:00","00:00 ~ 24:00","055-751-2525",35.1786,128.092
"2020년 09월 08일 13시","○","경남","진주시","반도병원","진주시 남강로701","09:00 ~ 17:00","09:00 ~ 13:00","미운영","055-749-0200",35.1784,128.097
"2020년 09월 08일 13시","○","경남","진주시","진주복음병원","진주시 진양호로370","09:00 ~ 18:00","09:00 ~ 13:00","미운영","055-749-7119",35.1852,128.07
"2020년 09월 08일 13시","○","경남","진주시","진주세란병원","진주대로829","00:00 ~ 24:00","00:00 ~ 24:00","00:00 ~ 24:00","055-760-7575",35.1747,128.092
"2020년 09월 08일 13시","○","경남","진주시","한일병원","진주시 범골로 17","00:00 ~ 24:00","00:00 ~ 24:00","00:00 ~ 24:00","055-750-1333",35.167,128.129
"2020년 09월 08일 13시","○","경남","창원시","창원시 진해보건소","경남 창원시 진해구 풍호동 1 진해보건소","09:00 ~ 18:00","09:00 ~ 18:00","09:00 ~ 18:00","055-225-6160",35.1353,128.719
"2020년 09월 08일 13시","○","경남","창원시","연세에스병원","경남 창원시 진해구 해원로32번길 13","09:00 ~ 14:30","미운영","미운영","055-548-7700",35.1545,128.698
"2020년 09월 08일 13시","○","경남","창원시","세광병원","경상남도 창원시 진해구 중원동로 55-1","09:00 ~ 18:00","09:00 ~ 13:00","미운영","055-540-3700",35.1498,128.661
"2020년 09월 08일 13시","○","경남","창녕군","창녕군보건소","경남 창녕군 창녕읍 교리 996-1 창녕군보건소","09:00 ~ 18:00","09:00 ~ 18:00","09:00 ~ 18:00","055-530-6217",35.5437,128.49
"2020년 09월 08일 13시","○","경남","창녕군","태황의료재단한성병원","경남 창녕군 창녕읍 교리1길 2","00:00 ~ 24:00","00:00 ~ 24:00","00:00 ~ 24:00","055-530-5119",35.5421,128.493
"2020년 09월 08일 13시","○","경남","창원시","창원시 창원보건소","경남 창원시 의창구 신월동 창원보건소 96-2","09:00 ~ 18:00","09:00 ~ 12:00","09:00 ~ 12:00","055-225-4281",35.228,128.686
"2020년 09월 08일 13시","○","경남","창원시","창원경상대학교병원","창원시 성산구 삼정자로11","09:00 ~ 17:00","미운영","미운영","055-214-1000",35.1988,128.708
"2020년 09월 08일 13시","○","경남","창원시","창원파티마병원","창원시 의창구 창이대로 45","09:00 ~ 17:00","09:00 ~ 12:00","미운영","055-270-1020",35.2372,128.646
"2020년 09월 08일 13시","○","경남","창원시","한마음창원병원","창원시 성산구 원이대로 682번길 21","09:00 ~ 17:00","09:00 ~ 12:00","미운영","055-267-2000",35.221,128.687
"2020년 09월 08일 13시","○","경남","통영시","통영시보건소","경남 통영시 무전동 401-1 통영시보건소","09:00 ~ 22:00","09:00 ~ 22:00","09:00 ~ 22:00","055-650-6055",34.8599,128.432
"2020년 09월 08일 13시","○","경남","통영시","통영적십자병원 ","경남 통영시 중앙로97","09:00 ~ 18:00","09:00 ~ 12:30","미운영","055-644-8901",34.8422,128.42
"2020년 09월 08일 13시","○","경남","하동군","하동군보건소","경남 하동군 하동읍 군청로 31 하동보건소","09:00 ~ 21:00","09:00 ~ 18:00","09:00 ~ 18:00","055-882-4000",35.0667,127.753
"2020년 09월 08일 13시","○","경남","하동군","새하동병원","경상남도 하동군 하동읍 화심길 39","00:00 ~ 24:00","00:00 ~ 24:00","00:00 ~ 24:00","055-880-4200",35.083,127.739
"2020년 09월 08일 13시","○","경남","함안군","함안군보건소","경상남도 함안군 가야읍 말산리 100번지","09:00 ~ 22:00","09:00 ~ 22:00","09:00 ~ 22:00","055-580-3113",35.2757,128.41
"2020년 09월 08일 13시","○","경남","함안군","영동병원","경남 함안군 칠원읍 용산2길 45-13","09:00 ~ 18:00","09:00 ~ 12:00","미운영","055-586-2000",35.309,128.516
"2020년 09월 08일 13시","○","경남","함양군","함양군보건소","경남 함양군 함양읍 용평리 630-3","09:00 ~ 18:00","09:00 ~ 18:00","09:00 ~ 18:00","055-960-8040",35.5197,127.732
"2020년 09월 08일 13시","○","경남","함양군","함양성심병원","함양군 함양읍 고운로 70","09:00 ~ 09:00","09:00 ~ 09:00","09:00 ~ 09:00","055-963-4322",35.5203,127.729
"2020년 09월 08일 13시","○","경남","합천군","합천군보건소","경남 합천군 합천읍 합천리 524-1","08:00 ~ 22:00","09:00 ~ 22:00","09:00 ~ 22:00","055-930-3683",35.5685,128.156
"2020년 09월 08일 13시","○","경남","산청군","산청군보건의료원","경상남도 산청군 산청읍 지리 중앙로97","01:00 ~ 24:00","01:00 ~ 24:00","01:00 ~ 24:00","055-970-7582",35.4159,127.884
"2020년 09월 08일 13시","○","제주","서귀포시","서귀포시(서귀포보건소)","제주 서귀포시 서홍동 447-3","09:00 ~ 18:00","미운영","미운영","064-760-6092",33.2532,126.555
"2020년 09월 08일 13시","○","제주","서귀포시","서귀포열린병원","제주특별자치도 서귀포시 일주동로 8638","09:00 ~ 18:00","09:00 ~ 11:00","미운영","064-762-8001",33.2545,126.565
"2020년 09월 08일 13시","○","제주","서귀포시","서귀포의료원","제주특별자치도 서귀포시 장수로 47","00:00 ~ 24:00","00:00 ~ 24:00","00:00 ~ 24:00","064-730-3518",33.2561,126.563
"2020년 09월 08일 13시","○","제주","서귀포시","서귀포시(서부보건소)","제주 서귀포시 대정읍 하모리 767-8 서부보건소","09:00 ~ 16:00","09:00 ~ 16:00","09:00 ~ 16:00","064-760-6292",33.2188,126.253
"2020년 09월 08일 13시","○","제주","제주시","제주시제주보건소","제주 제주시 도남동  567-1","09:00 ~ 18:00","미운영","미운영","064-728-1410",33.4917,126.52
"2020년 09월 08일 13시","○","제주","제주시","제주한라병원","제주특별자치도 제주시 연동 도령로 65","00:00 ~ 24:00","00:00 ~ 24:00","00:00 ~ 24:00","064-740-5158",33.4898,126.485
"2020년 09월 08일 13시","○","제주","제주시","한마음병원","제주특별자치도 제주시 이도2동 연신로 52","00:00 ~ 24:00","00:00 ~ 24:00","00:00 ~ 24:00","064-750-9119",33.4964,126.546
"2020년 09월 08일 13시","○","제주","제주시","한국병원","제주특별자치도 제주시 삼도일동 서광로 193","00:00 ~ 24:00","00:00 ~ 24:00","00:00 ~ 24:00","064-750-0119",33.5004,126.517
"2020년 09월 08일 13시","○","제주","제주시","중앙병원","제주특별자치도 제주시 이호이동 월랑로 91","00:00 ~ 24:00","00:00 ~ 24:00","00:00 ~ 24:00","064-786-7119",33.4923,126.471
"2020년 09월 08일 13시","○","제주","제주시","제주시(동부보건소)","제주시 구좌읍 김녕로14길 6","09:00 ~ 18:00","미운영","미운영","064-728-4392",33.5544,126.751
"2020년 09월 08일 13시","○","제주","제주시","제주시(서부보건소)","제주특별자치도 제주시 한림읍 한림리 966-1번지 (한림리)","09:00 ~ 18:00","09:00 ~ 18:00","09:00 ~ 18:00","064-728-4142",33.4123,126.27
